analysis_set,event_code,phase
all_eligible_events,E0001,baseline
all_eligible_events,E0002,baseline
all_eligible_events,E0003,baseline
all_eligible_events,E0004,baseline
all_eligible_events,E0005,baseline
all_eligible_events,E0006,baseline
all_eligible_events,E0007,baseline
all_eligible_events,E0008,baseline
all_eligible_events,E0009,baseline
all_eligible_events,E0010,baseline
all_eligible_events,E0011,baseline
all_eligible_events,E0012,baseline
all_eligible_events,E0013,nudge
all_eligible_events,E0014,nudge
all_eligible_events,E0015,nudge
all_eligible_events,E0016,nudge
all_eligible_events,E0017,nudge
all_eligible_events,E0018,nudge
all_eligible_events,E0019,nudge
all_eligible_events,E0020,nudge
all_eligible_events,E0021,nudge
all_eligible_events,E0022,nudge
all_eligible_events,E0023,nudge
all_eligible_events,E0024,nudge
all_eligible_events,E0025,nudge
all_eligible_events,E0026,nudge
all_eligible_events,E0027,baseline
all_eligible_events,E0028,baseline
all_eligible_events,E0029,baseline
all_eligible_events,E0031,baseline
all_eligible_events,E0032,baseline
all_eligible_events,E0033,nudge
all_eligible_events,E0034,nudge
all_eligible_events,E0035,nudge
all_eligible_events,E0036,nudge
all_eligible_events,E0037,nudge
all_eligible_events,E0038,nudge
all_eligible_events,E0039,nudge
all_eligible_events,E0040,nudge
all_eligible_events,E0041,nudge
all_eligible_events,E0042,baseline
all_eligible_events,E0043,baseline
all_eligible_events,E0044,baseline
all_eligible_events,E0045,baseline
all_eligible_events,E0047,baseline
all_eligible_events,E0048,baseline
all_eligible_events,E0049,baseline
all_eligible_events,E0050,baseline
all_eligible_events,E0051,baseline
all_eligible_events,E0052,nudge
all_eligible_events,E0053,nudge
all_eligible_events,E0054,nudge
all_eligible_events,E0055,nudge
all_eligible_events,E0056,nudge
all_eligible_events,E0057,nudge
all_eligible_events,E0058,nudge
all_eligible_events,E0059,baseline
all_eligible_events,E0060,baseline
all_eligible_events,E0061,baseline
all_eligible_events,E0063,baseline
all_eligible_events,E0064,baseline
all_eligible_events,E0065,baseline
all_eligible_events,E0066,baseline
all_eligible_events,E0067,baseline
all_eligible_events,E0068,baseline
all_eligible_events,E0069,baseline
all_eligible_events,E0070,baseline
all_eligible_events,E0071,baseline
all_eligible_events,E0072,baseline
all_eligible_events,E0073,baseline
all_eligible_events,E0074,baseline
all_eligible_events,E0075,nudge
all_eligible_events,E0076,nudge
all_eligible_events,E0077,nudge
all_eligible_events,E0078,nudge
all_eligible_events,E0079,nudge
all_eligible_events,E0080,nudge
all_eligible_events,E0081,nudge
all_eligible_events,E0082,nudge
all_eligible_events,E0083,nudge
all_eligible_events,E0084,nudge
all_eligible_events,E0085,nudge
all_eligible_events,E0086,nudge
all_eligible_events,E0087,nudge
all_eligible_events,E0088,baseline
all_eligible_events,E0089,baseline
all_eligible_events,E0090,baseline
all_eligible_events,E0091,baseline
all_eligible_events,E0092,baseline
all_eligible_events,E0093,baseline
all_eligible_events,E0094,nudge
all_eligible_events,E0095,nudge
all_eligible_events,E0096,nudge
all_eligible_events,E0097,nudge
all_eligible_events,E0098,nudge
all_eligible_events,E0099,baseline
all_eligible_events,E0100,baseline
all_eligible_events,E0101,baseline
all_eligible_events,E0102,baseline
all_eligible_events,E0103,baseline
all_eligible_events,E0104,baseline
all_eligible_events,E0105,baseline
all_eligible_events,E0106,baseline
all_eligible_events,E0107,nudge
all_eligible_events,E0108,nudge
all_eligible_events,E0109,nudge
all_eligible_events,E0110,nudge
all_eligible_events,E0111,baseline
all_eligible_events,E0112,baseline
all_eligible_events,E0113,baseline
all_eligible_events,E0114,baseline
all_eligible_events,E0115,baseline
all_eligible_events,E0116,baseline
all_eligible_events,E0117,baseline
all_eligible_events,E0118,baseline
all_eligible_events,E0119,baseline
all_eligible_events,E0120,baseline
all_eligible_events,E0121,baseline
all_eligible_events,E0122,baseline
all_eligible_events,E0123,baseline
all_eligible_events,E0124,baseline
all_eligible_events,E0125,baseline
all_eligible_events,E0126,baseline
all_eligible_events,E0127,baseline
all_eligible_events,E0128,baseline
all_eligible_events,E0129,baseline
all_eligible_events,E0130,baseline
all_eligible_events,E0131,baseline
all_eligible_events,E0132,baseline
all_eligible_events,E0133,baseline
all_eligible_events,E0134,nudge
all_eligible_events,E0135,nudge
all_eligible_events,E0136,nudge
all_eligible_events,E0137,nudge
all_eligible_events,E0138,nudge
all_eligible_events,E0139,nudge
all_eligible_events,E0140,nudge
all_eligible_events,E0141,nudge
all_eligible_events,E0142,nudge
all_eligible_events,E0143,nudge
all_eligible_events,E0144,nudge
all_eligible_events,E0145,nudge
all_eligible_events,E0146,nudge
all_eligible_events,E0147,nudge
all_eligible_events,E0148,baseline
all_eligible_events,E0149,baseline
all_eligible_events,E0150,baseline
all_eligible_events,E0151,baseline
all_eligible_events,E0152,baseline
all_eligible_events,E0153,baseline
all_eligible_events,E0154,baseline
all_eligible_events,E0155,baseline
all_eligible_events,E0156,baseline
all_eligible_events,E0157,baseline
all_eligible_events,E0158,baseline
all_eligible_events,E0159,nudge
all_eligible_events,E0160,nudge
all_eligible_events,E0161,nudge
all_eligible_events,E0162,nudge
all_eligible_events,E0163,nudge
all_eligible_events,E0164,nudge
all_eligible_events,E0165,nudge
all_eligible_events,E0166,nudge
all_eligible_events,E0167,nudge
all_eligible_events,E0168,baseline
all_eligible_events,E0169,baseline
all_eligible_events,E0170,baseline
all_eligible_events,E0171,baseline
all_eligible_events,E0172,baseline
all_eligible_events,E0173,baseline
all_eligible_events,E0174,baseline
all_eligible_events,E0175,baseline
all_eligible_events,E0176,baseline
all_eligible_events,E0177,nudge
all_eligible_events,E0178,nudge
all_eligible_events,E0179,nudge
all_eligible_events,E0180,nudge
all_eligible_events,E0182,nudge
all_eligible_events,E0183,nudge
all_eligible_events,E0184,nudge
all_eligible_events,E0185,nudge
all_eligible_events,E0186,baseline
all_eligible_events,E0187,baseline
all_eligible_events,E0188,baseline
all_eligible_events,E0189,baseline
all_eligible_events,E0190,baseline
all_eligible_events,E0191,baseline
all_eligible_events,E0192,baseline
all_eligible_events,E0193,baseline
all_eligible_events,E0194,baseline
all_eligible_events,E0195,baseline
all_eligible_events,E0196,nudge
all_eligible_events,E0197,nudge
all_eligible_events,E0198,nudge
all_eligible_events,E0199,nudge
all_eligible_events,E0200,baseline
all_eligible_events,E0201,baseline
all_eligible_events,E0202,baseline
all_eligible_events,E0203,baseline
all_eligible_events,E0204,baseline
all_eligible_events,E0205,baseline
all_eligible_events,E0206,baseline
all_eligible_events,E0207,nudge
all_eligible_events,E0208,nudge
all_eligible_events,E0209,nudge
all_eligible_events,E0210,nudge
all_eligible_events,E0211,nudge
all_eligible_events,E0212,baseline
all_eligible_events,E0213,baseline
all_eligible_events,E0214,baseline
all_eligible_events,E0215,baseline
all_eligible_events,E0216,baseline
all_eligible_events,E0217,baseline
all_eligible_events,E0218,baseline
all_eligible_events,E0219,baseline
all_eligible_events,E0220,nudge
all_eligible_events,E0221,nudge
all_eligible_events,E0222,nudge
all_eligible_events,E0223,nudge
all_eligible_events,E0225,nudge
all_eligible_events,E0227,nudge
all_eligible_events,E0236,nudge
all_eligible_events,E0238,nudge
all_eligible_events,E0239,nudge
all_eligible_events,E0240,nudge
all_eligible_events,E0241,baseline
all_eligible_events,E0242,baseline
all_eligible_events,E0243,baseline
all_eligible_events,E0244,baseline
all_eligible_events,E0245,baseline
all_eligible_events,E0246,baseline
all_eligible_events,E0260,baseline
all_eligible_events,E0261,baseline
all_eligible_events,E0262,baseline
all_eligible_events,E0263,baseline
all_eligible_events,E0264,baseline
all_eligible_events,E0265,baseline
all_eligible_events,E0266,baseline
all_eligible_events,E0267,baseline
all_eligible_events,E0268,baseline
all_eligible_events,E0269,baseline
all_eligible_events,E0270,baseline
all_eligible_events,E0271,baseline
all_eligible_events,E0272,baseline
all_eligible_events,E0273,baseline
all_eligible_events,E0274,baseline
all_eligible_events,E0275,baseline
all_eligible_events,E0276,baseline
all_eligible_events,E0277,baseline
all_eligible_events,E0278,baseline
all_eligible_events,E0279,baseline
all_eligible_events,E0280,baseline
all_eligible_events,E0281,baseline
all_eligible_events,E0282,baseline
all_eligible_events,E0283,nudge
all_eligible_events,E0284,nudge
all_eligible_events,E0285,nudge
all_eligible_events,E0286,nudge
all_eligible_events,E0287,nudge
all_eligible_events,E0288,nudge
all_eligible_events,E0289,nudge
all_eligible_events,E0290,nudge
all_eligible_events,E0291,nudge
all_eligible_events,E0292,nudge
all_eligible_events,E0293,nudge
all_eligible_events,E0294,nudge
all_eligible_events,E0295,nudge
all_eligible_events,E0296,nudge
all_eligible_events,E0297,nudge
all_eligible_events,E0317,baseline
all_eligible_events,E0318,baseline
all_eligible_events,E0319,baseline
all_eligible_events,E0320,baseline
all_eligible_events,E0321,baseline
all_eligible_events,E0322,baseline
all_eligible_events,E0323,baseline
all_eligible_events,E0324,baseline
all_eligible_events,E0326,baseline
all_eligible_events,E0327,baseline
all_eligible_events,E0328,baseline
all_eligible_events,E0329,baseline
all_eligible_events,E0330,baseline
all_eligible_events,E0331,baseline
all_eligible_events,E0332,nudge
all_eligible_events,E0333,nudge
all_eligible_events,E0334,nudge
all_eligible_events,E0335,nudge
all_eligible_events,E0336,baseline
all_eligible_events,E0337,baseline
all_eligible_events,E0338,baseline
all_eligible_events,E0339,baseline
all_eligible_events,E0341,baseline
all_eligible_events,E0342,baseline
all_eligible_events,E0343,nudge
all_eligible_events,E0344,nudge
all_eligible_events,E0345,baseline
all_eligible_events,E0346,baseline
all_eligible_events,E0347,baseline
all_eligible_events,E0348,nudge
all_eligible_events,E0349,nudge
all_eligible_events,E0350,nudge
all_eligible_events,E0352,baseline
all_eligible_events,E0353,baseline
all_eligible_events,E0354,baseline
all_eligible_events,E0355,baseline
all_eligible_events,E0356,baseline
all_eligible_events,E0357,baseline
all_eligible_events,E0358,baseline
all_eligible_events,E0361,baseline
all_eligible_events,E0362,baseline
all_eligible_events,E0363,baseline
all_eligible_events,E0364,baseline
all_eligible_events,E0365,baseline
all_eligible_events,E0366,baseline
all_eligible_events,E0367,baseline
all_eligible_events,E0368,nudge
all_eligible_events,E0369,nudge
all_eligible_events,E0370,nudge
all_eligible_events,E0371,nudge
all_eligible_events,E0372,nudge
all_eligible_events,E0373,nudge
all_eligible_events,E0374,nudge
all_eligible_events,E0375,nudge
all_eligible_events,E0376,nudge
all_eligible_events,E0377,nudge
all_eligible_events,E0378,nudge
all_eligible_events,E0379,nudge
all_eligible_events,E0380,baseline
all_eligible_events,E0381,baseline
all_eligible_events,E0382,baseline
all_eligible_events,E0383,baseline
all_eligible_events,E0384,baseline
all_eligible_events,E0385,baseline
all_eligible_events,E0386,baseline
all_eligible_events,E0387,baseline
all_eligible_events,E0388,baseline
all_eligible_events,E0389,baseline
all_eligible_events,E0390,baseline
all_eligible_events,E0391,nudge
all_eligible_events,E0392,nudge
all_eligible_events,E0393,nudge
all_eligible_events,E0394,nudge
all_eligible_events,E0395,nudge
all_eligible_events,E0396,nudge
all_eligible_events,E0397,baseline
all_eligible_events,E0398,baseline
all_eligible_events,E0399,baseline
all_eligible_events,E0400,baseline
all_eligible_events,E0401,baseline
all_eligible_events,E0402,baseline
all_eligible_events,E0403,baseline
all_eligible_events,E0404,baseline
all_eligible_events,E0405,baseline
all_eligible_events,E0406,baseline
all_eligible_events,E0407,baseline
all_eligible_events,E0408,baseline
all_eligible_events,E0409,baseline
all_eligible_events,E0410,baseline
all_eligible_events,E0411,baseline
all_eligible_events,E0412,baseline
all_eligible_events,E0413,baseline
all_eligible_events,E0414,baseline
all_eligible_events,E0415,nudge
all_eligible_events,E0416,nudge
all_eligible_events,E0417,nudge
all_eligible_events,E0418,nudge
all_eligible_events,E0420,nudge
all_eligible_events,E0421,nudge
all_eligible_events,E0422,baseline
all_eligible_events,E0423,baseline
all_eligible_events,E0424,baseline
all_eligible_events,E0425,baseline
all_eligible_events,E0426,baseline
all_eligible_events,E0427,baseline
all_eligible_events,E0428,baseline
all_eligible_events,E0429,baseline
all_eligible_events,E0430,baseline
all_eligible_events,E0431,baseline
all_eligible_events,E0432,baseline
all_eligible_events,E0433,nudge
all_eligible_events,E0434,nudge
all_eligible_events,E0435,nudge
all_eligible_events,E0436,nudge
all_eligible_events,E0437,nudge
all_eligible_events,E0438,nudge
all_eligible_events,E0458,nudge
all_eligible_events,E0459,nudge
all_eligible_events,E0460,nudge
all_eligible_events,E0461,nudge
all_eligible_events,E0462,baseline
all_eligible_events,E0463,baseline
all_eligible_events,E0464,baseline
all_eligible_events,E0465,baseline
all_eligible_events,E0466,baseline
all_eligible_events,E0467,baseline
all_eligible_events,E0468,baseline
all_eligible_events,E0469,baseline
all_eligible_events,E0470,baseline
all_eligible_events,E0471,baseline
all_eligible_events,E0472,baseline
all_eligible_events,E0473,baseline
all_eligible_events,E0474,baseline
all_eligible_events,E0475,baseline
all_eligible_events,E0476,baseline
all_eligible_events,E0477,baseline
all_eligible_events,E0478,baseline
all_eligible_events,E0479,baseline
all_eligible_events,E0480,baseline
all_eligible_events,E0481,nudge
all_eligible_events,E0482,nudge
all_eligible_events,E0483,nudge
all_eligible_events,E0484,nudge
all_eligible_events,E0485,nudge
all_eligible_events,E0486,nudge
all_eligible_events,E0487,nudge
all_eligible_events,E0488,nudge
all_eligible_events,E0489,nudge
all_eligible_events,E0501,baseline
all_eligible_events,E0502,baseline
all_eligible_events,E0503,baseline
all_eligible_events,E0504,baseline
all_eligible_events,E0505,baseline
all_eligible_events,E0506,baseline
all_eligible_events,E0507,baseline
all_eligible_events,E0508,baseline
all_eligible_events,E0509,baseline
all_eligible_events,E0510,baseline
all_eligible_events,E0511,baseline
all_eligible_events,E0512,nudge
all_eligible_events,E0513,nudge
all_eligible_events,E0514,nudge
all_eligible_events,E0515,nudge
all_eligible_events,E0516,nudge
all_eligible_events,E0517,nudge
all_eligible_events,E0518,nudge
all_eligible_events,E0519,nudge
all_eligible_events,E0527,baseline
all_eligible_events,E0528,baseline
all_eligible_events,E0529,baseline
all_eligible_events,E0530,baseline
all_eligible_events,E0531,baseline
all_eligible_events,E0532,baseline
all_eligible_events,E0533,baseline
all_eligible_events,E0534,baseline
all_eligible_events,E0545,baseline
all_eligible_events,E0546,baseline
all_eligible_events,E0547,baseline
all_eligible_events,E0548,baseline
all_eligible_events,E0549,baseline
all_eligible_events,E0550,baseline
all_eligible_events,E0551,baseline
all_eligible_events,E0552,baseline
all_eligible_events,E0553,baseline
all_eligible_events,E0555,nudge
all_eligible_events,E0556,nudge
all_eligible_events,E0557,nudge
all_eligible_events,E0558,nudge
all_eligible_events,E0559,baseline
all_eligible_events,E0560,baseline
all_eligible_events,E0561,baseline
all_eligible_events,E0562,baseline
all_eligible_events,E0563,baseline
all_eligible_events,E0564,baseline
all_eligible_events,E0565,baseline
all_eligible_events,E0566,baseline
all_eligible_events,E0567,baseline
all_eligible_events,E0568,baseline
all_eligible_events,E0570,baseline
all_eligible_events,E0571,baseline
all_eligible_events,E0572,baseline
all_eligible_events,E0573,baseline
all_eligible_events,E0574,baseline
all_eligible_events,E0575,baseline
all_eligible_events,E0576,baseline
all_eligible_events,E0577,baseline
all_eligible_events,E0578,baseline
all_eligible_events,E0579,baseline
all_eligible_events,E0580,nudge
all_eligible_events,E0581,nudge
all_eligible_events,E0582,nudge
all_eligible_events,E0583,nudge
all_eligible_events,E0584,baseline
all_eligible_events,E0585,baseline
all_eligible_events,E0586,baseline
all_eligible_events,E0587,baseline
all_eligible_events,E0588,baseline
all_eligible_events,E0589,nudge
all_eligible_events,E0590,nudge
all_eligible_events,E0591,nudge
all_eligible_events,E0592,nudge
all_eligible_events,E0593,nudge
all_eligible_events,E0594,baseline
all_eligible_events,E0595,baseline
all_eligible_events,E0596,baseline
all_eligible_events,E0597,baseline
all_eligible_events,E0598,baseline
all_eligible_events,E0599,baseline
all_eligible_events,E0600,baseline
all_eligible_events,E0601,baseline
all_eligible_events,E0602,baseline
all_eligible_events,E0603,baseline
all_eligible_events,E0604,baseline
all_eligible_events,E0605,baseline
all_eligible_events,E0606,baseline
all_eligible_events,E0607,baseline
all_eligible_events,E0608,baseline
all_eligible_events,E0609,baseline
all_eligible_events,E0610,baseline
all_eligible_events,E0611,nudge
all_eligible_events,E0612,nudge
all_eligible_events,E0613,nudge
all_eligible_events,E0614,nudge
all_eligible_events,E0615,nudge
all_eligible_events,E0616,nudge
all_eligible_events,E0617,nudge
all_eligible_events,E0618,nudge
all_eligible_events,E0619,nudge
all_eligible_events,E0620,nudge
all_eligible_events,E0621,nudge
all_eligible_events,E0622,nudge
all_eligible_events,E0623,nudge
all_eligible_events,E0624,nudge
all_eligible_events,E0625,nudge
all_eligible_events,E0643,baseline
all_eligible_events,E0644,baseline
all_eligible_events,E0645,baseline
all_eligible_events,E0646,baseline
all_eligible_events,E0647,baseline
all_eligible_events,E0648,baseline
all_eligible_events,E0649,baseline
all_eligible_events,E0650,baseline
all_eligible_events,E0651,baseline
all_eligible_events,E0652,baseline
all_eligible_events,E0653,baseline
all_eligible_events,E0654,baseline
all_eligible_events,E0655,nudge
all_eligible_events,E0656,nudge
all_eligible_events,E0657,nudge
all_eligible_events,E0658,nudge
all_eligible_events,E0671,baseline
all_eligible_events,E0672,baseline
all_eligible_events,E0673,baseline
all_eligible_events,E0674,baseline
all_eligible_events,E0675,baseline
all_eligible_events,E0676,nudge
all_eligible_events,E0678,nudge
all_eligible_events,E0679,nudge
all_eligible_events,E0680,nudge
all_eligible_events,E0682,nudge
all_eligible_events,E0683,nudge
all_eligible_events,E0684,nudge
all_eligible_events,E0695,baseline
all_eligible_events,E0696,baseline
all_eligible_events,E0697,baseline
all_eligible_events,E0698,baseline
all_eligible_events,E0699,baseline
all_eligible_events,E0700,baseline
all_eligible_events,E0701,baseline
all_eligible_events,E0702,baseline
all_eligible_events,E0703,baseline
all_eligible_events,E0704,baseline
all_eligible_events,E0705,baseline
all_eligible_events,E0706,nudge
all_eligible_events,E0707,nudge
all_eligible_events,E0708,nudge
all_eligible_events,E0709,nudge
all_eligible_events,E0710,nudge
all_eligible_events,E0711,nudge
all_eligible_events,E0712,nudge
all_eligible_events,E0713,nudge
all_eligible_events,E0714,nudge
all_eligible_events,E0715,nudge
all_eligible_events,E0716,nudge
all_eligible_events,E0718,nudge
all_eligible_events,E0719,baseline
all_eligible_events,E0720,baseline
all_eligible_events,E0721,baseline
all_eligible_events,E0722,baseline
all_eligible_events,E0723,baseline
all_eligible_events,E0724,baseline
all_eligible_events,E0725,baseline
all_eligible_events,E0726,baseline
all_eligible_events,E0727,baseline
all_eligible_events,E0728,baseline
all_eligible_events,E0729,baseline
all_eligible_events,E0730,baseline
all_eligible_events,E0731,baseline
all_eligible_events,E0732,nudge
all_eligible_events,E0733,nudge
all_eligible_events,E0734,nudge
all_eligible_events,E0735,nudge
all_eligible_events,E0736,nudge
all_eligible_events,E0737,nudge
all_eligible_events,E0738,nudge
all_eligible_events,E0739,nudge
all_eligible_events,E0740,nudge
all_eligible_events,E0741,nudge
all_eligible_events,E0752,baseline
all_eligible_events,E0754,baseline
all_eligible_events,E0755,baseline
all_eligible_events,E0756,baseline
all_eligible_events,E0757,baseline
all_eligible_events,E0758,baseline
all_eligible_events,E0759,baseline
all_eligible_events,E0760,baseline
all_eligible_events,E0761,baseline
all_eligible_events,E0762,baseline
all_eligible_events,E0763,baseline
all_eligible_events,E0764,baseline
all_eligible_events,E0765,nudge
all_eligible_events,E0766,nudge
all_eligible_events,E0767,nudge
all_eligible_events,E0768,nudge
all_eligible_events,E0769,nudge
all_eligible_events,E0770,nudge
all_eligible_events,E0771,nudge
all_eligible_events,E0772,nudge
all_eligible_events,E0773,nudge
all_eligible_events,E0774,nudge
all_eligible_events,E0775,nudge
all_eligible_events,E0776,nudge
all_eligible_events,E0777,nudge
all_eligible_events,E0778,nudge
all_eligible_events,E0779,baseline
all_eligible_events,E0809,baseline
all_eligible_events,E0811,baseline
all_eligible_events,E0812,baseline
all_eligible_events,E0813,baseline
all_eligible_events,E0814,baseline
all_eligible_events,E0815,baseline
all_eligible_events,E0816,baseline
all_eligible_events,E0817,baseline
all_eligible_events,E0818,baseline
all_eligible_events,E0819,baseline
all_eligible_events,E0820,baseline
all_eligible_events,E0821,nudge
all_eligible_events,E0822,nudge
all_eligible_events,E0823,nudge
all_eligible_events,E0824,nudge
all_eligible_events,E0825,nudge
all_eligible_events,E0826,nudge
all_eligible_events,E0827,nudge
all_eligible_events,E0828,nudge
all_eligible_events,E0829,nudge
all_eligible_events,E0830,baseline
all_eligible_events,E0831,baseline
all_eligible_events,E0832,baseline
all_eligible_events,E0833,baseline
all_eligible_events,E0834,baseline
all_eligible_events,E0835,baseline
all_eligible_events,E0836,baseline
all_eligible_events,E0837,baseline
all_eligible_events,E0838,baseline
all_eligible_events,E0839,nudge
all_eligible_events,E0840,nudge
all_eligible_events,E0841,nudge
all_eligible_events,E0842,nudge
all_eligible_events,E0843,nudge
all_eligible_events,E0844,nudge
all_eligible_events,E0845,nudge
all_eligible_events,E0846,baseline
all_eligible_events,E0847,baseline
all_eligible_events,E0848,baseline
all_eligible_events,E0849,baseline
all_eligible_events,E0850,baseline
all_eligible_events,E0851,baseline
all_eligible_events,E0852,baseline
all_eligible_events,E0853,baseline
all_eligible_events,E0854,baseline
all_eligible_events,E0855,baseline
all_eligible_events,E0856,baseline
all_eligible_events,E0857,baseline
all_eligible_events,E0858,baseline
all_eligible_events,E0859,baseline
all_eligible_events,E0860,baseline
all_eligible_events,E0861,nudge
all_eligible_events,E0862,nudge
all_eligible_events,E0863,nudge
all_eligible_events,E0865,baseline
all_eligible_events,E0866,baseline
all_eligible_events,E0867,baseline
all_eligible_events,E0868,baseline
all_eligible_events,E0869,baseline
all_eligible_events,E0870,baseline
all_eligible_events,E0871,baseline
all_eligible_events,E0872,baseline
all_eligible_events,E0873,baseline
all_eligible_events,E0874,baseline
all_eligible_events,E0875,baseline
all_eligible_events,E0876,baseline
all_eligible_events,E0877,baseline
all_eligible_events,E0878,baseline
all_eligible_events,E0879,baseline
all_eligible_events,E0880,nudge
all_eligible_events,E0881,nudge
all_eligible_events,E0882,nudge
all_eligible_events,E0883,nudge
all_eligible_events,E0884,nudge
all_eligible_events,E0894,baseline
all_eligible_events,E0895,baseline
all_eligible_events,E0896,baseline
all_eligible_events,E0897,baseline
all_eligible_events,E0898,baseline
all_eligible_events,E0899,baseline
all_eligible_events,E0900,baseline
all_eligible_events,E0901,nudge
all_eligible_events,E0902,nudge
all_eligible_events,E0903,nudge
all_eligible_events,E0904,nudge
all_eligible_events,E0912,baseline
all_eligible_events,E0913,baseline
all_eligible_events,E0914,baseline
all_eligible_events,E0915,baseline
all_eligible_events,E0916,baseline
all_eligible_events,E0917,baseline
all_eligible_events,E0918,baseline
all_eligible_events,E0919,baseline
all_eligible_events,E0920,baseline
all_eligible_events,E0921,baseline
all_eligible_events,E0922,baseline
all_eligible_events,E0923,baseline
all_eligible_events,E0924,baseline
all_eligible_events,E0925,baseline
all_eligible_events,E0927,baseline
all_eligible_events,E0928,baseline
all_eligible_events,E0929,nudge
all_eligible_events,E0930,nudge
all_eligible_events,E0931,nudge
all_eligible_events,E0932,nudge
all_eligible_events,E0933,nudge
all_eligible_events,E0934,nudge
all_eligible_events,E0935,nudge
all_eligible_events,E0936,nudge
all_eligible_events,E0937,nudge
all_eligible_events,E0938,nudge
all_eligible_events,E0939,nudge
all_eligible_events,E0940,nudge
all_eligible_events,E0941,nudge
all_eligible_events,E0942,nudge
all_eligible_events,E0943,nudge
all_eligible_events,E0944,nudge
all_eligible_events,E0953,baseline
all_eligible_events,E0954,baseline
all_eligible_events,E0955,baseline
all_eligible_events,E0956,baseline
all_eligible_events,E0957,baseline
all_eligible_events,E0958,baseline
all_eligible_events,E0959,baseline
all_eligible_events,E0960,baseline
all_eligible_events,E0961,baseline
all_eligible_events,E0962,baseline
all_eligible_events,E0963,baseline
all_eligible_events,E0964,baseline
all_eligible_events,E0965,nudge
all_eligible_events,E0966,nudge
all_eligible_events,E0967,nudge
all_eligible_events,E0968,nudge
all_eligible_events,E0969,nudge
all_eligible_events,E0970,nudge
all_eligible_events,E0971,nudge
all_eligible_events,E0972,nudge
all_eligible_events,E0973,nudge
all_eligible_events,E0974,baseline
all_eligible_events,E0975,baseline
all_eligible_events,E0976,baseline
all_eligible_events,E0977,baseline
all_eligible_events,E0978,baseline
all_eligible_events,E0979,baseline
all_eligible_events,E0980,baseline
all_eligible_events,E0981,baseline
all_eligible_events,E0982,baseline
all_eligible_events,E0983,baseline
all_eligible_events,E0984,baseline
all_eligible_events,E0985,baseline
all_eligible_events,E0986,baseline
all_eligible_events,E0987,baseline
all_eligible_events,E0988,baseline
all_eligible_events,E0989,baseline
all_eligible_events,E0990,baseline
all_eligible_events,E0991,baseline
all_eligible_events,E0992,baseline
all_eligible_events,E0993,baseline
all_eligible_events,E0994,baseline
all_eligible_events,E0995,baseline
all_eligible_events,E0996,baseline
all_eligible_events,E0997,nudge
all_eligible_events,E0998,nudge
all_eligible_events,E0999,nudge
all_eligible_events,E1000,nudge
all_eligible_events,E1001,baseline
all_eligible_events,E1002,baseline
all_eligible_events,E1003,baseline
all_eligible_events,E1004,baseline
all_eligible_events,E1005,baseline
all_eligible_events,E1006,baseline
all_eligible_events,E1007,baseline
all_eligible_events,E1008,baseline
all_eligible_events,E1009,nudge
all_eligible_events,E1010,nudge
all_eligible_events,E1011,baseline
all_eligible_events,E1012,baseline
all_eligible_events,E1013,baseline
all_eligible_events,E1014,baseline
all_eligible_events,E1015,baseline
all_eligible_events,E1016,baseline
all_eligible_events,E1017,baseline
all_eligible_events,E1018,baseline
all_eligible_events,E1019,baseline
all_eligible_events,E1020,baseline
all_eligible_events,E1021,baseline
all_eligible_events,E1022,nudge
all_eligible_events,E1023,nudge
all_eligible_events,E1024,nudge
all_eligible_events,E1025,nudge
all_eligible_events,E1026,nudge
all_eligible_events,E1027,nudge
all_eligible_events,E1029,nudge
all_eligible_events,E1030,nudge
all_eligible_events,E1031,nudge
all_eligible_events,E1032,nudge
all_eligible_events,E1033,nudge
all_eligible_events,E1054,baseline
all_eligible_events,E1055,baseline
all_eligible_events,E1056,baseline
all_eligible_events,E1057,baseline
all_eligible_events,E1058,baseline
all_eligible_events,E1059,baseline
all_eligible_events,E1060,baseline
all_eligible_events,E1061,baseline
all_eligible_events,E1062,baseline
all_eligible_events,E1063,baseline
all_eligible_events,E1064,baseline
all_eligible_events,E1065,baseline
all_eligible_events,E1066,nudge
all_eligible_events,E1067,nudge
all_eligible_events,E1068,nudge
all_eligible_events,E1069,nudge
all_eligible_events,E1070,nudge
all_eligible_events,E1071,nudge
all_eligible_events,E1072,nudge
all_eligible_events,E1073,baseline
all_eligible_events,E1074,baseline
all_eligible_events,E1075,baseline
all_eligible_events,E1076,baseline
all_eligible_events,E1077,baseline
all_eligible_events,E1078,baseline
all_eligible_events,E1079,baseline
all_eligible_events,E1080,baseline
all_eligible_events,E1081,baseline
all_eligible_events,E1082,baseline
all_eligible_events,E1083,baseline
all_eligible_events,E1084,baseline
all_eligible_events,E1085,baseline
all_eligible_events,E1086,baseline
all_eligible_events,E1087,nudge
all_eligible_events,E1088,nudge
all_eligible_events,E1089,nudge
all_eligible_events,E1090,nudge
all_eligible_events,E1091,nudge
all_eligible_events,E1092,nudge
all_eligible_events,E1093,nudge
all_eligible_events,E1094,nudge
all_eligible_events,E1095,nudge
all_eligible_events,E1096,nudge
all_eligible_events,E1097,nudge
all_eligible_events,E1098,baseline
all_eligible_events,E1099,baseline
all_eligible_events,E1100,baseline
all_eligible_events,E1101,baseline
all_eligible_events,E1102,baseline
all_eligible_events,E1103,baseline
all_eligible_events,E1104,baseline
all_eligible_events,E1105,baseline
all_eligible_events,E1106,baseline
all_eligible_events,E1107,baseline
all_eligible_events,E1108,nudge
all_eligible_events,E1109,nudge
all_eligible_events,E1110,nudge
all_eligible_events,E1111,nudge
all_eligible_events,E1112,nudge
all_eligible_events,E1113,nudge
all_eligible_events,E1114,nudge
backdated_boundary_excluded_events,E0002,baseline
backdated_boundary_excluded_events,E0003,baseline
backdated_boundary_excluded_events,E0004,baseline
backdated_boundary_excluded_events,E0005,baseline
backdated_boundary_excluded_events,E0006,baseline
backdated_boundary_excluded_events,E0007,baseline
backdated_boundary_excluded_events,E0008,baseline
backdated_boundary_excluded_events,E0009,baseline
backdated_boundary_excluded_events,E0010,baseline
backdated_boundary_excluded_events,E0011,baseline
backdated_boundary_excluded_events,E0012,baseline
backdated_boundary_excluded_events,E0013,nudge
backdated_boundary_excluded_events,E0014,nudge
backdated_boundary_excluded_events,E0015,nudge
backdated_boundary_excluded_events,E0016,nudge
backdated_boundary_excluded_events,E0017,nudge
backdated_boundary_excluded_events,E0018,nudge
backdated_boundary_excluded_events,E0019,nudge
backdated_boundary_excluded_events,E0020,nudge
backdated_boundary_excluded_events,E0021,nudge
backdated_boundary_excluded_events,E0022,nudge
backdated_boundary_excluded_events,E0023,nudge
backdated_boundary_excluded_events,E0024,nudge
backdated_boundary_excluded_events,E0025,nudge
backdated_boundary_excluded_events,E0026,nudge
backdated_boundary_excluded_events,E0029,baseline
backdated_boundary_excluded_events,E0031,baseline
backdated_boundary_excluded_events,E0032,baseline
backdated_boundary_excluded_events,E0033,nudge
backdated_boundary_excluded_events,E0034,nudge
backdated_boundary_excluded_events,E0035,nudge
backdated_boundary_excluded_events,E0036,nudge
backdated_boundary_excluded_events,E0037,nudge
backdated_boundary_excluded_events,E0038,nudge
backdated_boundary_excluded_events,E0039,nudge
backdated_boundary_excluded_events,E0040,nudge
backdated_boundary_excluded_events,E0041,nudge
backdated_boundary_excluded_events,E0042,baseline
backdated_boundary_excluded_events,E0043,baseline
backdated_boundary_excluded_events,E0044,baseline
backdated_boundary_excluded_events,E0045,baseline
backdated_boundary_excluded_events,E0047,baseline
backdated_boundary_excluded_events,E0048,baseline
backdated_boundary_excluded_events,E0049,baseline
backdated_boundary_excluded_events,E0050,baseline
backdated_boundary_excluded_events,E0051,baseline
backdated_boundary_excluded_events,E0052,nudge
backdated_boundary_excluded_events,E0053,nudge
backdated_boundary_excluded_events,E0054,nudge
backdated_boundary_excluded_events,E0055,nudge
backdated_boundary_excluded_events,E0056,nudge
backdated_boundary_excluded_events,E0057,nudge
backdated_boundary_excluded_events,E0058,nudge
backdated_boundary_excluded_events,E0059,baseline
backdated_boundary_excluded_events,E0060,baseline
backdated_boundary_excluded_events,E0061,baseline
backdated_boundary_excluded_events,E0063,baseline
backdated_boundary_excluded_events,E0064,baseline
backdated_boundary_excluded_events,E0065,baseline
backdated_boundary_excluded_events,E0066,baseline
backdated_boundary_excluded_events,E0067,baseline
backdated_boundary_excluded_events,E0068,baseline
backdated_boundary_excluded_events,E0069,baseline
backdated_boundary_excluded_events,E0070,baseline
backdated_boundary_excluded_events,E0071,baseline
backdated_boundary_excluded_events,E0072,baseline
backdated_boundary_excluded_events,E0073,baseline
backdated_boundary_excluded_events,E0075,nudge
backdated_boundary_excluded_events,E0076,nudge
backdated_boundary_excluded_events,E0077,nudge
backdated_boundary_excluded_events,E0078,nudge
backdated_boundary_excluded_events,E0079,nudge
backdated_boundary_excluded_events,E0080,nudge
backdated_boundary_excluded_events,E0081,nudge
backdated_boundary_excluded_events,E0082,nudge
backdated_boundary_excluded_events,E0083,nudge
backdated_boundary_excluded_events,E0084,nudge
backdated_boundary_excluded_events,E0085,nudge
backdated_boundary_excluded_events,E0086,nudge
backdated_boundary_excluded_events,E0087,nudge
backdated_boundary_excluded_events,E0088,baseline
backdated_boundary_excluded_events,E0089,baseline
backdated_boundary_excluded_events,E0090,baseline
backdated_boundary_excluded_events,E0091,baseline
backdated_boundary_excluded_events,E0092,baseline
backdated_boundary_excluded_events,E0094,nudge
backdated_boundary_excluded_events,E0095,nudge
backdated_boundary_excluded_events,E0096,nudge
backdated_boundary_excluded_events,E0097,nudge
backdated_boundary_excluded_events,E0098,nudge
backdated_boundary_excluded_events,E0099,baseline
backdated_boundary_excluded_events,E0100,baseline
backdated_boundary_excluded_events,E0101,baseline
backdated_boundary_excluded_events,E0102,baseline
backdated_boundary_excluded_events,E0103,baseline
backdated_boundary_excluded_events,E0104,baseline
backdated_boundary_excluded_events,E0105,baseline
backdated_boundary_excluded_events,E0106,baseline
backdated_boundary_excluded_events,E0107,nudge
backdated_boundary_excluded_events,E0108,nudge
backdated_boundary_excluded_events,E0109,nudge
backdated_boundary_excluded_events,E0110,nudge
backdated_boundary_excluded_events,E0111,baseline
backdated_boundary_excluded_events,E0112,baseline
backdated_boundary_excluded_events,E0113,baseline
backdated_boundary_excluded_events,E0114,baseline
backdated_boundary_excluded_events,E0115,baseline
backdated_boundary_excluded_events,E0116,baseline
backdated_boundary_excluded_events,E0117,baseline
backdated_boundary_excluded_events,E0118,baseline
backdated_boundary_excluded_events,E0119,baseline
backdated_boundary_excluded_events,E0120,baseline
backdated_boundary_excluded_events,E0121,baseline
backdated_boundary_excluded_events,E0122,baseline
backdated_boundary_excluded_events,E0123,baseline
backdated_boundary_excluded_events,E0124,baseline
backdated_boundary_excluded_events,E0125,baseline
backdated_boundary_excluded_events,E0126,baseline
backdated_boundary_excluded_events,E0127,baseline
backdated_boundary_excluded_events,E0128,baseline
backdated_boundary_excluded_events,E0129,baseline
backdated_boundary_excluded_events,E0130,baseline
backdated_boundary_excluded_events,E0131,baseline
backdated_boundary_excluded_events,E0132,baseline
backdated_boundary_excluded_events,E0133,baseline
backdated_boundary_excluded_events,E0134,nudge
backdated_boundary_excluded_events,E0135,nudge
backdated_boundary_excluded_events,E0136,nudge
backdated_boundary_excluded_events,E0137,nudge
backdated_boundary_excluded_events,E0138,nudge
backdated_boundary_excluded_events,E0139,nudge
backdated_boundary_excluded_events,E0140,nudge
backdated_boundary_excluded_events,E0141,nudge
backdated_boundary_excluded_events,E0142,nudge
backdated_boundary_excluded_events,E0143,nudge
backdated_boundary_excluded_events,E0144,nudge
backdated_boundary_excluded_events,E0145,nudge
backdated_boundary_excluded_events,E0146,nudge
backdated_boundary_excluded_events,E0147,nudge
backdated_boundary_excluded_events,E0148,baseline
backdated_boundary_excluded_events,E0149,baseline
backdated_boundary_excluded_events,E0150,baseline
backdated_boundary_excluded_events,E0151,baseline
backdated_boundary_excluded_events,E0152,baseline
backdated_boundary_excluded_events,E0153,baseline
backdated_boundary_excluded_events,E0154,baseline
backdated_boundary_excluded_events,E0155,baseline
backdated_boundary_excluded_events,E0156,baseline
backdated_boundary_excluded_events,E0157,baseline
backdated_boundary_excluded_events,E0158,baseline
backdated_boundary_excluded_events,E0159,nudge
backdated_boundary_excluded_events,E0160,nudge
backdated_boundary_excluded_events,E0161,nudge
backdated_boundary_excluded_events,E0162,nudge
backdated_boundary_excluded_events,E0163,nudge
backdated_boundary_excluded_events,E0164,nudge
backdated_boundary_excluded_events,E0165,nudge
backdated_boundary_excluded_events,E0166,nudge
backdated_boundary_excluded_events,E0167,nudge
backdated_boundary_excluded_events,E0168,baseline
backdated_boundary_excluded_events,E0169,baseline
backdated_boundary_excluded_events,E0170,baseline
backdated_boundary_excluded_events,E0171,baseline
backdated_boundary_excluded_events,E0172,baseline
backdated_boundary_excluded_events,E0173,baseline
backdated_boundary_excluded_events,E0174,baseline
backdated_boundary_excluded_events,E0175,baseline
backdated_boundary_excluded_events,E0176,baseline
backdated_boundary_excluded_events,E0177,nudge
backdated_boundary_excluded_events,E0178,nudge
backdated_boundary_excluded_events,E0179,nudge
backdated_boundary_excluded_events,E0180,nudge
backdated_boundary_excluded_events,E0182,nudge
backdated_boundary_excluded_events,E0183,nudge
backdated_boundary_excluded_events,E0184,nudge
backdated_boundary_excluded_events,E0185,nudge
backdated_boundary_excluded_events,E0186,baseline
backdated_boundary_excluded_events,E0187,baseline
backdated_boundary_excluded_events,E0188,baseline
backdated_boundary_excluded_events,E0189,baseline
backdated_boundary_excluded_events,E0190,baseline
backdated_boundary_excluded_events,E0191,baseline
backdated_boundary_excluded_events,E0192,baseline
backdated_boundary_excluded_events,E0193,baseline
backdated_boundary_excluded_events,E0194,baseline
backdated_boundary_excluded_events,E0195,baseline
backdated_boundary_excluded_events,E0196,nudge
backdated_boundary_excluded_events,E0197,nudge
backdated_boundary_excluded_events,E0198,nudge
backdated_boundary_excluded_events,E0199,nudge
backdated_boundary_excluded_events,E0200,baseline
backdated_boundary_excluded_events,E0201,baseline
backdated_boundary_excluded_events,E0202,baseline
backdated_boundary_excluded_events,E0203,baseline
backdated_boundary_excluded_events,E0204,baseline
backdated_boundary_excluded_events,E0205,baseline
backdated_boundary_excluded_events,E0206,baseline
backdated_boundary_excluded_events,E0207,nudge
backdated_boundary_excluded_events,E0208,nudge
backdated_boundary_excluded_events,E0209,nudge
backdated_boundary_excluded_events,E0210,nudge
backdated_boundary_excluded_events,E0211,nudge
backdated_boundary_excluded_events,E0212,baseline
backdated_boundary_excluded_events,E0213,baseline
backdated_boundary_excluded_events,E0214,baseline
backdated_boundary_excluded_events,E0215,baseline
backdated_boundary_excluded_events,E0216,baseline
backdated_boundary_excluded_events,E0217,baseline
backdated_boundary_excluded_events,E0218,baseline
backdated_boundary_excluded_events,E0219,baseline
backdated_boundary_excluded_events,E0220,nudge
backdated_boundary_excluded_events,E0221,nudge
backdated_boundary_excluded_events,E0222,nudge
backdated_boundary_excluded_events,E0223,nudge
backdated_boundary_excluded_events,E0225,nudge
backdated_boundary_excluded_events,E0227,nudge
backdated_boundary_excluded_events,E0236,nudge
backdated_boundary_excluded_events,E0238,nudge
backdated_boundary_excluded_events,E0239,nudge
backdated_boundary_excluded_events,E0240,nudge
backdated_boundary_excluded_events,E0260,baseline
backdated_boundary_excluded_events,E0261,baseline
backdated_boundary_excluded_events,E0262,baseline
backdated_boundary_excluded_events,E0263,baseline
backdated_boundary_excluded_events,E0264,baseline
backdated_boundary_excluded_events,E0265,baseline
backdated_boundary_excluded_events,E0266,baseline
backdated_boundary_excluded_events,E0267,baseline
backdated_boundary_excluded_events,E0268,baseline
backdated_boundary_excluded_events,E0269,baseline
backdated_boundary_excluded_events,E0270,baseline
backdated_boundary_excluded_events,E0271,baseline
backdated_boundary_excluded_events,E0272,baseline
backdated_boundary_excluded_events,E0273,baseline
backdated_boundary_excluded_events,E0274,baseline
backdated_boundary_excluded_events,E0275,baseline
backdated_boundary_excluded_events,E0276,baseline
backdated_boundary_excluded_events,E0277,baseline
backdated_boundary_excluded_events,E0278,baseline
backdated_boundary_excluded_events,E0279,baseline
backdated_boundary_excluded_events,E0280,baseline
backdated_boundary_excluded_events,E0281,baseline
backdated_boundary_excluded_events,E0282,baseline
backdated_boundary_excluded_events,E0283,nudge
backdated_boundary_excluded_events,E0284,nudge
backdated_boundary_excluded_events,E0285,nudge
backdated_boundary_excluded_events,E0286,nudge
backdated_boundary_excluded_events,E0287,nudge
backdated_boundary_excluded_events,E0288,nudge
backdated_boundary_excluded_events,E0289,nudge
backdated_boundary_excluded_events,E0290,nudge
backdated_boundary_excluded_events,E0291,nudge
backdated_boundary_excluded_events,E0292,nudge
backdated_boundary_excluded_events,E0293,nudge
backdated_boundary_excluded_events,E0294,nudge
backdated_boundary_excluded_events,E0295,nudge
backdated_boundary_excluded_events,E0296,nudge
backdated_boundary_excluded_events,E0297,nudge
backdated_boundary_excluded_events,E0320,baseline
backdated_boundary_excluded_events,E0321,baseline
backdated_boundary_excluded_events,E0322,baseline
backdated_boundary_excluded_events,E0323,baseline
backdated_boundary_excluded_events,E0324,baseline
backdated_boundary_excluded_events,E0326,baseline
backdated_boundary_excluded_events,E0327,baseline
backdated_boundary_excluded_events,E0328,baseline
backdated_boundary_excluded_events,E0329,baseline
backdated_boundary_excluded_events,E0330,baseline
backdated_boundary_excluded_events,E0331,baseline
backdated_boundary_excluded_events,E0332,nudge
backdated_boundary_excluded_events,E0333,nudge
backdated_boundary_excluded_events,E0334,nudge
backdated_boundary_excluded_events,E0335,nudge
backdated_boundary_excluded_events,E0336,baseline
backdated_boundary_excluded_events,E0337,baseline
backdated_boundary_excluded_events,E0338,baseline
backdated_boundary_excluded_events,E0339,baseline
backdated_boundary_excluded_events,E0341,baseline
backdated_boundary_excluded_events,E0342,baseline
backdated_boundary_excluded_events,E0343,nudge
backdated_boundary_excluded_events,E0344,nudge
backdated_boundary_excluded_events,E0345,baseline
backdated_boundary_excluded_events,E0346,baseline
backdated_boundary_excluded_events,E0347,baseline
backdated_boundary_excluded_events,E0348,nudge
backdated_boundary_excluded_events,E0349,nudge
backdated_boundary_excluded_events,E0350,nudge
backdated_boundary_excluded_events,E0352,baseline
backdated_boundary_excluded_events,E0353,baseline
backdated_boundary_excluded_events,E0354,baseline
backdated_boundary_excluded_events,E0355,baseline
backdated_boundary_excluded_events,E0356,baseline
backdated_boundary_excluded_events,E0357,baseline
backdated_boundary_excluded_events,E0358,baseline
backdated_boundary_excluded_events,E0361,baseline
backdated_boundary_excluded_events,E0362,baseline
backdated_boundary_excluded_events,E0363,baseline
backdated_boundary_excluded_events,E0364,baseline
backdated_boundary_excluded_events,E0365,baseline
backdated_boundary_excluded_events,E0366,baseline
backdated_boundary_excluded_events,E0367,baseline
backdated_boundary_excluded_events,E0368,nudge
backdated_boundary_excluded_events,E0369,nudge
backdated_boundary_excluded_events,E0370,nudge
backdated_boundary_excluded_events,E0371,nudge
backdated_boundary_excluded_events,E0372,nudge
backdated_boundary_excluded_events,E0373,nudge
backdated_boundary_excluded_events,E0374,nudge
backdated_boundary_excluded_events,E0375,nudge
backdated_boundary_excluded_events,E0376,nudge
backdated_boundary_excluded_events,E0377,nudge
backdated_boundary_excluded_events,E0378,nudge
backdated_boundary_excluded_events,E0379,nudge
backdated_boundary_excluded_events,E0380,baseline
backdated_boundary_excluded_events,E0381,baseline
backdated_boundary_excluded_events,E0382,baseline
backdated_boundary_excluded_events,E0383,baseline
backdated_boundary_excluded_events,E0384,baseline
backdated_boundary_excluded_events,E0385,baseline
backdated_boundary_excluded_events,E0386,baseline
backdated_boundary_excluded_events,E0387,baseline
backdated_boundary_excluded_events,E0388,baseline
backdated_boundary_excluded_events,E0389,baseline
backdated_boundary_excluded_events,E0390,baseline
backdated_boundary_excluded_events,E0391,nudge
backdated_boundary_excluded_events,E0392,nudge
backdated_boundary_excluded_events,E0393,nudge
backdated_boundary_excluded_events,E0394,nudge
backdated_boundary_excluded_events,E0395,nudge
backdated_boundary_excluded_events,E0396,nudge
backdated_boundary_excluded_events,E0397,baseline
backdated_boundary_excluded_events,E0398,baseline
backdated_boundary_excluded_events,E0399,baseline
backdated_boundary_excluded_events,E0400,baseline
backdated_boundary_excluded_events,E0401,baseline
backdated_boundary_excluded_events,E0402,baseline
backdated_boundary_excluded_events,E0403,baseline
backdated_boundary_excluded_events,E0404,baseline
backdated_boundary_excluded_events,E0405,baseline
backdated_boundary_excluded_events,E0406,baseline
backdated_boundary_excluded_events,E0407,baseline
backdated_boundary_excluded_events,E0408,baseline
backdated_boundary_excluded_events,E0409,baseline
backdated_boundary_excluded_events,E0410,baseline
backdated_boundary_excluded_events,E0411,baseline
backdated_boundary_excluded_events,E0412,baseline
backdated_boundary_excluded_events,E0413,baseline
backdated_boundary_excluded_events,E0414,baseline
backdated_boundary_excluded_events,E0415,nudge
backdated_boundary_excluded_events,E0416,nudge
backdated_boundary_excluded_events,E0417,nudge
backdated_boundary_excluded_events,E0418,nudge
backdated_boundary_excluded_events,E0420,nudge
backdated_boundary_excluded_events,E0421,nudge
backdated_boundary_excluded_events,E0422,baseline
backdated_boundary_excluded_events,E0423,baseline
backdated_boundary_excluded_events,E0424,baseline
backdated_boundary_excluded_events,E0425,baseline
backdated_boundary_excluded_events,E0426,baseline
backdated_boundary_excluded_events,E0427,baseline
backdated_boundary_excluded_events,E0428,baseline
backdated_boundary_excluded_events,E0429,baseline
backdated_boundary_excluded_events,E0430,baseline
backdated_boundary_excluded_events,E0431,baseline
backdated_boundary_excluded_events,E0432,baseline
backdated_boundary_excluded_events,E0433,nudge
backdated_boundary_excluded_events,E0434,nudge
backdated_boundary_excluded_events,E0435,nudge
backdated_boundary_excluded_events,E0436,nudge
backdated_boundary_excluded_events,E0437,nudge
backdated_boundary_excluded_events,E0438,nudge
backdated_boundary_excluded_events,E0462,baseline
backdated_boundary_excluded_events,E0463,baseline
backdated_boundary_excluded_events,E0464,baseline
backdated_boundary_excluded_events,E0465,baseline
backdated_boundary_excluded_events,E0466,baseline
backdated_boundary_excluded_events,E0467,baseline
backdated_boundary_excluded_events,E0468,baseline
backdated_boundary_excluded_events,E0469,baseline
backdated_boundary_excluded_events,E0470,baseline
backdated_boundary_excluded_events,E0471,baseline
backdated_boundary_excluded_events,E0472,baseline
backdated_boundary_excluded_events,E0473,baseline
backdated_boundary_excluded_events,E0474,baseline
backdated_boundary_excluded_events,E0475,baseline
backdated_boundary_excluded_events,E0476,baseline
backdated_boundary_excluded_events,E0477,baseline
backdated_boundary_excluded_events,E0478,baseline
backdated_boundary_excluded_events,E0479,baseline
backdated_boundary_excluded_events,E0480,baseline
backdated_boundary_excluded_events,E0481,nudge
backdated_boundary_excluded_events,E0482,nudge
backdated_boundary_excluded_events,E0483,nudge
backdated_boundary_excluded_events,E0484,nudge
backdated_boundary_excluded_events,E0485,nudge
backdated_boundary_excluded_events,E0486,nudge
backdated_boundary_excluded_events,E0487,nudge
backdated_boundary_excluded_events,E0488,nudge
backdated_boundary_excluded_events,E0489,nudge
backdated_boundary_excluded_events,E0501,baseline
backdated_boundary_excluded_events,E0502,baseline
backdated_boundary_excluded_events,E0503,baseline
backdated_boundary_excluded_events,E0504,baseline
backdated_boundary_excluded_events,E0505,baseline
backdated_boundary_excluded_events,E0506,baseline
backdated_boundary_excluded_events,E0507,baseline
backdated_boundary_excluded_events,E0508,baseline
backdated_boundary_excluded_events,E0509,baseline
backdated_boundary_excluded_events,E0510,baseline
backdated_boundary_excluded_events,E0511,baseline
backdated_boundary_excluded_events,E0512,nudge
backdated_boundary_excluded_events,E0513,nudge
backdated_boundary_excluded_events,E0514,nudge
backdated_boundary_excluded_events,E0515,nudge
backdated_boundary_excluded_events,E0516,nudge
backdated_boundary_excluded_events,E0517,nudge
backdated_boundary_excluded_events,E0518,nudge
backdated_boundary_excluded_events,E0519,nudge
backdated_boundary_excluded_events,E0545,baseline
backdated_boundary_excluded_events,E0546,baseline
backdated_boundary_excluded_events,E0547,baseline
backdated_boundary_excluded_events,E0548,baseline
backdated_boundary_excluded_events,E0549,baseline
backdated_boundary_excluded_events,E0550,baseline
backdated_boundary_excluded_events,E0551,baseline
backdated_boundary_excluded_events,E0552,baseline
backdated_boundary_excluded_events,E0553,baseline
backdated_boundary_excluded_events,E0555,nudge
backdated_boundary_excluded_events,E0556,nudge
backdated_boundary_excluded_events,E0557,nudge
backdated_boundary_excluded_events,E0558,nudge
backdated_boundary_excluded_events,E0568,baseline
backdated_boundary_excluded_events,E0570,baseline
backdated_boundary_excluded_events,E0571,baseline
backdated_boundary_excluded_events,E0572,baseline
backdated_boundary_excluded_events,E0573,baseline
backdated_boundary_excluded_events,E0574,baseline
backdated_boundary_excluded_events,E0575,baseline
backdated_boundary_excluded_events,E0576,baseline
backdated_boundary_excluded_events,E0577,baseline
backdated_boundary_excluded_events,E0578,baseline
backdated_boundary_excluded_events,E0579,baseline
backdated_boundary_excluded_events,E0580,nudge
backdated_boundary_excluded_events,E0581,nudge
backdated_boundary_excluded_events,E0582,nudge
backdated_boundary_excluded_events,E0583,nudge
backdated_boundary_excluded_events,E0584,baseline
backdated_boundary_excluded_events,E0585,baseline
backdated_boundary_excluded_events,E0586,baseline
backdated_boundary_excluded_events,E0587,baseline
backdated_boundary_excluded_events,E0588,baseline
backdated_boundary_excluded_events,E0589,nudge
backdated_boundary_excluded_events,E0590,nudge
backdated_boundary_excluded_events,E0591,nudge
backdated_boundary_excluded_events,E0592,nudge
backdated_boundary_excluded_events,E0593,nudge
backdated_boundary_excluded_events,E0594,baseline
backdated_boundary_excluded_events,E0595,baseline
backdated_boundary_excluded_events,E0596,baseline
backdated_boundary_excluded_events,E0597,baseline
backdated_boundary_excluded_events,E0598,baseline
backdated_boundary_excluded_events,E0599,baseline
backdated_boundary_excluded_events,E0600,baseline
backdated_boundary_excluded_events,E0601,baseline
backdated_boundary_excluded_events,E0602,baseline
backdated_boundary_excluded_events,E0603,baseline
backdated_boundary_excluded_events,E0604,baseline
backdated_boundary_excluded_events,E0605,baseline
backdated_boundary_excluded_events,E0606,baseline
backdated_boundary_excluded_events,E0607,baseline
backdated_boundary_excluded_events,E0608,baseline
backdated_boundary_excluded_events,E0610,baseline
backdated_boundary_excluded_events,E0611,nudge
backdated_boundary_excluded_events,E0612,nudge
backdated_boundary_excluded_events,E0613,nudge
backdated_boundary_excluded_events,E0614,nudge
backdated_boundary_excluded_events,E0615,nudge
backdated_boundary_excluded_events,E0616,nudge
backdated_boundary_excluded_events,E0617,nudge
backdated_boundary_excluded_events,E0618,nudge
backdated_boundary_excluded_events,E0619,nudge
backdated_boundary_excluded_events,E0620,nudge
backdated_boundary_excluded_events,E0621,nudge
backdated_boundary_excluded_events,E0622,nudge
backdated_boundary_excluded_events,E0623,nudge
backdated_boundary_excluded_events,E0624,nudge
backdated_boundary_excluded_events,E0625,nudge
backdated_boundary_excluded_events,E0647,baseline
backdated_boundary_excluded_events,E0648,baseline
backdated_boundary_excluded_events,E0649,baseline
backdated_boundary_excluded_events,E0650,baseline
backdated_boundary_excluded_events,E0651,baseline
backdated_boundary_excluded_events,E0652,baseline
backdated_boundary_excluded_events,E0653,baseline
backdated_boundary_excluded_events,E0654,baseline
backdated_boundary_excluded_events,E0655,nudge
backdated_boundary_excluded_events,E0656,nudge
backdated_boundary_excluded_events,E0657,nudge
backdated_boundary_excluded_events,E0658,nudge
backdated_boundary_excluded_events,E0672,baseline
backdated_boundary_excluded_events,E0673,baseline
backdated_boundary_excluded_events,E0674,baseline
backdated_boundary_excluded_events,E0675,baseline
backdated_boundary_excluded_events,E0676,nudge
backdated_boundary_excluded_events,E0678,nudge
backdated_boundary_excluded_events,E0679,nudge
backdated_boundary_excluded_events,E0680,nudge
backdated_boundary_excluded_events,E0682,nudge
backdated_boundary_excluded_events,E0683,nudge
backdated_boundary_excluded_events,E0684,nudge
backdated_boundary_excluded_events,E0695,baseline
backdated_boundary_excluded_events,E0696,baseline
backdated_boundary_excluded_events,E0697,baseline
backdated_boundary_excluded_events,E0698,baseline
backdated_boundary_excluded_events,E0699,baseline
backdated_boundary_excluded_events,E0700,baseline
backdated_boundary_excluded_events,E0701,baseline
backdated_boundary_excluded_events,E0702,baseline
backdated_boundary_excluded_events,E0703,baseline
backdated_boundary_excluded_events,E0704,baseline
backdated_boundary_excluded_events,E0705,baseline
backdated_boundary_excluded_events,E0706,nudge
backdated_boundary_excluded_events,E0707,nudge
backdated_boundary_excluded_events,E0708,nudge
backdated_boundary_excluded_events,E0709,nudge
backdated_boundary_excluded_events,E0710,nudge
backdated_boundary_excluded_events,E0711,nudge
backdated_boundary_excluded_events,E0712,nudge
backdated_boundary_excluded_events,E0713,nudge
backdated_boundary_excluded_events,E0714,nudge
backdated_boundary_excluded_events,E0715,nudge
backdated_boundary_excluded_events,E0716,nudge
backdated_boundary_excluded_events,E0718,nudge
backdated_boundary_excluded_events,E0719,baseline
backdated_boundary_excluded_events,E0720,baseline
backdated_boundary_excluded_events,E0721,baseline
backdated_boundary_excluded_events,E0722,baseline
backdated_boundary_excluded_events,E0723,baseline
backdated_boundary_excluded_events,E0724,baseline
backdated_boundary_excluded_events,E0725,baseline
backdated_boundary_excluded_events,E0726,baseline
backdated_boundary_excluded_events,E0727,baseline
backdated_boundary_excluded_events,E0728,baseline
backdated_boundary_excluded_events,E0729,baseline
backdated_boundary_excluded_events,E0730,baseline
backdated_boundary_excluded_events,E0731,baseline
backdated_boundary_excluded_events,E0732,nudge
backdated_boundary_excluded_events,E0733,nudge
backdated_boundary_excluded_events,E0734,nudge
backdated_boundary_excluded_events,E0735,nudge
backdated_boundary_excluded_events,E0736,nudge
backdated_boundary_excluded_events,E0737,nudge
backdated_boundary_excluded_events,E0738,nudge
backdated_boundary_excluded_events,E0739,nudge
backdated_boundary_excluded_events,E0740,nudge
backdated_boundary_excluded_events,E0741,nudge
backdated_boundary_excluded_events,E0752,baseline
backdated_boundary_excluded_events,E0754,baseline
backdated_boundary_excluded_events,E0755,baseline
backdated_boundary_excluded_events,E0756,baseline
backdated_boundary_excluded_events,E0757,baseline
backdated_boundary_excluded_events,E0758,baseline
backdated_boundary_excluded_events,E0759,baseline
backdated_boundary_excluded_events,E0760,baseline
backdated_boundary_excluded_events,E0761,baseline
backdated_boundary_excluded_events,E0762,baseline
backdated_boundary_excluded_events,E0763,baseline
backdated_boundary_excluded_events,E0765,nudge
backdated_boundary_excluded_events,E0766,nudge
backdated_boundary_excluded_events,E0767,nudge
backdated_boundary_excluded_events,E0768,nudge
backdated_boundary_excluded_events,E0769,nudge
backdated_boundary_excluded_events,E0770,nudge
backdated_boundary_excluded_events,E0771,nudge
backdated_boundary_excluded_events,E0772,nudge
backdated_boundary_excluded_events,E0773,nudge
backdated_boundary_excluded_events,E0774,nudge
backdated_boundary_excluded_events,E0775,nudge
backdated_boundary_excluded_events,E0776,nudge
backdated_boundary_excluded_events,E0777,nudge
backdated_boundary_excluded_events,E0778,nudge
backdated_boundary_excluded_events,E0809,baseline
backdated_boundary_excluded_events,E0811,baseline
backdated_boundary_excluded_events,E0812,baseline
backdated_boundary_excluded_events,E0813,baseline
backdated_boundary_excluded_events,E0814,baseline
backdated_boundary_excluded_events,E0815,baseline
backdated_boundary_excluded_events,E0816,baseline
backdated_boundary_excluded_events,E0817,baseline
backdated_boundary_excluded_events,E0818,baseline
backdated_boundary_excluded_events,E0819,baseline
backdated_boundary_excluded_events,E0820,baseline
backdated_boundary_excluded_events,E0821,nudge
backdated_boundary_excluded_events,E0822,nudge
backdated_boundary_excluded_events,E0823,nudge
backdated_boundary_excluded_events,E0824,nudge
backdated_boundary_excluded_events,E0825,nudge
backdated_boundary_excluded_events,E0826,nudge
backdated_boundary_excluded_events,E0827,nudge
backdated_boundary_excluded_events,E0828,nudge
backdated_boundary_excluded_events,E0829,nudge
backdated_boundary_excluded_events,E0830,baseline
backdated_boundary_excluded_events,E0831,baseline
backdated_boundary_excluded_events,E0832,baseline
backdated_boundary_excluded_events,E0833,baseline
backdated_boundary_excluded_events,E0834,baseline
backdated_boundary_excluded_events,E0835,baseline
backdated_boundary_excluded_events,E0836,baseline
backdated_boundary_excluded_events,E0837,baseline
backdated_boundary_excluded_events,E0838,baseline
backdated_boundary_excluded_events,E0839,nudge
backdated_boundary_excluded_events,E0840,nudge
backdated_boundary_excluded_events,E0841,nudge
backdated_boundary_excluded_events,E0842,nudge
backdated_boundary_excluded_events,E0843,nudge
backdated_boundary_excluded_events,E0844,nudge
backdated_boundary_excluded_events,E0845,nudge
backdated_boundary_excluded_events,E0846,baseline
backdated_boundary_excluded_events,E0847,baseline
backdated_boundary_excluded_events,E0848,baseline
backdated_boundary_excluded_events,E0849,baseline
backdated_boundary_excluded_events,E0850,baseline
backdated_boundary_excluded_events,E0851,baseline
backdated_boundary_excluded_events,E0852,baseline
backdated_boundary_excluded_events,E0853,baseline
backdated_boundary_excluded_events,E0854,baseline
backdated_boundary_excluded_events,E0855,baseline
backdated_boundary_excluded_events,E0856,baseline
backdated_boundary_excluded_events,E0857,baseline
backdated_boundary_excluded_events,E0858,baseline
backdated_boundary_excluded_events,E0859,baseline
backdated_boundary_excluded_events,E0860,baseline
backdated_boundary_excluded_events,E0861,nudge
backdated_boundary_excluded_events,E0862,nudge
backdated_boundary_excluded_events,E0863,nudge
backdated_boundary_excluded_events,E0865,baseline
backdated_boundary_excluded_events,E0866,baseline
backdated_boundary_excluded_events,E0867,baseline
backdated_boundary_excluded_events,E0868,baseline
backdated_boundary_excluded_events,E0869,baseline
backdated_boundary_excluded_events,E0870,baseline
backdated_boundary_excluded_events,E0871,baseline
backdated_boundary_excluded_events,E0872,baseline
backdated_boundary_excluded_events,E0873,baseline
backdated_boundary_excluded_events,E0874,baseline
backdated_boundary_excluded_events,E0875,baseline
backdated_boundary_excluded_events,E0876,baseline
backdated_boundary_excluded_events,E0877,baseline
backdated_boundary_excluded_events,E0878,baseline
backdated_boundary_excluded_events,E0879,baseline
backdated_boundary_excluded_events,E0880,nudge
backdated_boundary_excluded_events,E0881,nudge
backdated_boundary_excluded_events,E0882,nudge
backdated_boundary_excluded_events,E0883,nudge
backdated_boundary_excluded_events,E0884,nudge
backdated_boundary_excluded_events,E0894,baseline
backdated_boundary_excluded_events,E0895,baseline
backdated_boundary_excluded_events,E0896,baseline
backdated_boundary_excluded_events,E0897,baseline
backdated_boundary_excluded_events,E0898,baseline
backdated_boundary_excluded_events,E0899,baseline
backdated_boundary_excluded_events,E0900,baseline
backdated_boundary_excluded_events,E0901,nudge
backdated_boundary_excluded_events,E0902,nudge
backdated_boundary_excluded_events,E0903,nudge
backdated_boundary_excluded_events,E0904,nudge
backdated_boundary_excluded_events,E0912,baseline
backdated_boundary_excluded_events,E0913,baseline
backdated_boundary_excluded_events,E0914,baseline
backdated_boundary_excluded_events,E0915,baseline
backdated_boundary_excluded_events,E0916,baseline
backdated_boundary_excluded_events,E0917,baseline
backdated_boundary_excluded_events,E0918,baseline
backdated_boundary_excluded_events,E0919,baseline
backdated_boundary_excluded_events,E0920,baseline
backdated_boundary_excluded_events,E0921,baseline
backdated_boundary_excluded_events,E0922,baseline
backdated_boundary_excluded_events,E0923,baseline
backdated_boundary_excluded_events,E0924,baseline
backdated_boundary_excluded_events,E0925,baseline
backdated_boundary_excluded_events,E0927,baseline
backdated_boundary_excluded_events,E0928,baseline
backdated_boundary_excluded_events,E0929,nudge
backdated_boundary_excluded_events,E0930,nudge
backdated_boundary_excluded_events,E0931,nudge
backdated_boundary_excluded_events,E0932,nudge
backdated_boundary_excluded_events,E0933,nudge
backdated_boundary_excluded_events,E0934,nudge
backdated_boundary_excluded_events,E0935,nudge
backdated_boundary_excluded_events,E0936,nudge
backdated_boundary_excluded_events,E0937,nudge
backdated_boundary_excluded_events,E0938,nudge
backdated_boundary_excluded_events,E0939,nudge
backdated_boundary_excluded_events,E0940,nudge
backdated_boundary_excluded_events,E0941,nudge
backdated_boundary_excluded_events,E0942,nudge
backdated_boundary_excluded_events,E0943,nudge
backdated_boundary_excluded_events,E0944,nudge
backdated_boundary_excluded_events,E0955,baseline
backdated_boundary_excluded_events,E0956,baseline
backdated_boundary_excluded_events,E0957,baseline
backdated_boundary_excluded_events,E0958,baseline
backdated_boundary_excluded_events,E0959,baseline
backdated_boundary_excluded_events,E0960,baseline
backdated_boundary_excluded_events,E0961,baseline
backdated_boundary_excluded_events,E0962,baseline
backdated_boundary_excluded_events,E0963,baseline
backdated_boundary_excluded_events,E0964,baseline
backdated_boundary_excluded_events,E0965,nudge
backdated_boundary_excluded_events,E0966,nudge
backdated_boundary_excluded_events,E0967,nudge
backdated_boundary_excluded_events,E0968,nudge
backdated_boundary_excluded_events,E0969,nudge
backdated_boundary_excluded_events,E0970,nudge
backdated_boundary_excluded_events,E0971,nudge
backdated_boundary_excluded_events,E0972,nudge
backdated_boundary_excluded_events,E0973,nudge
backdated_boundary_excluded_events,E0986,baseline
backdated_boundary_excluded_events,E0987,baseline
backdated_boundary_excluded_events,E0988,baseline
backdated_boundary_excluded_events,E0989,baseline
backdated_boundary_excluded_events,E0990,baseline
backdated_boundary_excluded_events,E0991,baseline
backdated_boundary_excluded_events,E0992,baseline
backdated_boundary_excluded_events,E0993,baseline
backdated_boundary_excluded_events,E0994,baseline
backdated_boundary_excluded_events,E0995,baseline
backdated_boundary_excluded_events,E0996,baseline
backdated_boundary_excluded_events,E0997,nudge
backdated_boundary_excluded_events,E0998,nudge
backdated_boundary_excluded_events,E0999,nudge
backdated_boundary_excluded_events,E1000,nudge
backdated_boundary_excluded_events,E1011,baseline
backdated_boundary_excluded_events,E1012,baseline
backdated_boundary_excluded_events,E1013,baseline
backdated_boundary_excluded_events,E1014,baseline
backdated_boundary_excluded_events,E1015,baseline
backdated_boundary_excluded_events,E1016,baseline
backdated_boundary_excluded_events,E1017,baseline
backdated_boundary_excluded_events,E1018,baseline
backdated_boundary_excluded_events,E1019,baseline
backdated_boundary_excluded_events,E1020,baseline
backdated_boundary_excluded_events,E1021,baseline
backdated_boundary_excluded_events,E1022,nudge
backdated_boundary_excluded_events,E1023,nudge
backdated_boundary_excluded_events,E1024,nudge
backdated_boundary_excluded_events,E1025,nudge
backdated_boundary_excluded_events,E1026,nudge
backdated_boundary_excluded_events,E1027,nudge
backdated_boundary_excluded_events,E1029,nudge
backdated_boundary_excluded_events,E1030,nudge
backdated_boundary_excluded_events,E1031,nudge
backdated_boundary_excluded_events,E1032,nudge
backdated_boundary_excluded_events,E1033,nudge
backdated_boundary_excluded_events,E1054,baseline
backdated_boundary_excluded_events,E1055,baseline
backdated_boundary_excluded_events,E1056,baseline
backdated_boundary_excluded_events,E1057,baseline
backdated_boundary_excluded_events,E1058,baseline
backdated_boundary_excluded_events,E1059,baseline
backdated_boundary_excluded_events,E1060,baseline
backdated_boundary_excluded_events,E1061,baseline
backdated_boundary_excluded_events,E1062,baseline
backdated_boundary_excluded_events,E1063,baseline
backdated_boundary_excluded_events,E1064,baseline
backdated_boundary_excluded_events,E1065,baseline
backdated_boundary_excluded_events,E1066,nudge
backdated_boundary_excluded_events,E1067,nudge
backdated_boundary_excluded_events,E1068,nudge
backdated_boundary_excluded_events,E1069,nudge
backdated_boundary_excluded_events,E1070,nudge
backdated_boundary_excluded_events,E1071,nudge
backdated_boundary_excluded_events,E1072,nudge
backdated_boundary_excluded_events,E1073,baseline
backdated_boundary_excluded_events,E1074,baseline
backdated_boundary_excluded_events,E1075,baseline
backdated_boundary_excluded_events,E1076,baseline
backdated_boundary_excluded_events,E1077,baseline
backdated_boundary_excluded_events,E1078,baseline
backdated_boundary_excluded_events,E1079,baseline
backdated_boundary_excluded_events,E1080,baseline
backdated_boundary_excluded_events,E1081,baseline
backdated_boundary_excluded_events,E1082,baseline
backdated_boundary_excluded_events,E1083,baseline
backdated_boundary_excluded_events,E1084,baseline
backdated_boundary_excluded_events,E1085,baseline
backdated_boundary_excluded_events,E1086,baseline
backdated_boundary_excluded_events,E1087,nudge
backdated_boundary_excluded_events,E1088,nudge
backdated_boundary_excluded_events,E1089,nudge
backdated_boundary_excluded_events,E1090,nudge
backdated_boundary_excluded_events,E1091,nudge
backdated_boundary_excluded_events,E1092,nudge
backdated_boundary_excluded_events,E1093,nudge
backdated_boundary_excluded_events,E1094,nudge
backdated_boundary_excluded_events,E1095,nudge
backdated_boundary_excluded_events,E1096,nudge
backdated_boundary_excluded_events,E1097,nudge
backdated_registration_phase_events,E0002,baseline
backdated_registration_phase_events,E0003,baseline
backdated_registration_phase_events,E0004,baseline
backdated_registration_phase_events,E0005,baseline
backdated_registration_phase_events,E0006,baseline
backdated_registration_phase_events,E0007,baseline
backdated_registration_phase_events,E0008,baseline
backdated_registration_phase_events,E0009,baseline
backdated_registration_phase_events,E0010,baseline
backdated_registration_phase_events,E0011,baseline
backdated_registration_phase_events,E0012,baseline
backdated_registration_phase_events,E0013,nudge
backdated_registration_phase_events,E0014,nudge
backdated_registration_phase_events,E0015,nudge
backdated_registration_phase_events,E0016,nudge
backdated_registration_phase_events,E0017,nudge
backdated_registration_phase_events,E0018,nudge
backdated_registration_phase_events,E0019,nudge
backdated_registration_phase_events,E0020,nudge
backdated_registration_phase_events,E0021,nudge
backdated_registration_phase_events,E0022,nudge
backdated_registration_phase_events,E0023,nudge
backdated_registration_phase_events,E0024,nudge
backdated_registration_phase_events,E0025,nudge
backdated_registration_phase_events,E0026,nudge
backdated_registration_phase_events,E0029,baseline
backdated_registration_phase_events,E0031,baseline
backdated_registration_phase_events,E0032,baseline
backdated_registration_phase_events,E0033,nudge
backdated_registration_phase_events,E0034,nudge
backdated_registration_phase_events,E0035,nudge
backdated_registration_phase_events,E0036,nudge
backdated_registration_phase_events,E0037,nudge
backdated_registration_phase_events,E0038,nudge
backdated_registration_phase_events,E0039,nudge
backdated_registration_phase_events,E0040,nudge
backdated_registration_phase_events,E0041,nudge
backdated_registration_phase_events,E0042,baseline
backdated_registration_phase_events,E0043,baseline
backdated_registration_phase_events,E0044,baseline
backdated_registration_phase_events,E0045,baseline
backdated_registration_phase_events,E0047,baseline
backdated_registration_phase_events,E0048,baseline
backdated_registration_phase_events,E0049,baseline
backdated_registration_phase_events,E0050,baseline
backdated_registration_phase_events,E0051,baseline
backdated_registration_phase_events,E0052,nudge
backdated_registration_phase_events,E0053,nudge
backdated_registration_phase_events,E0054,nudge
backdated_registration_phase_events,E0055,nudge
backdated_registration_phase_events,E0056,nudge
backdated_registration_phase_events,E0057,nudge
backdated_registration_phase_events,E0058,nudge
backdated_registration_phase_events,E0059,baseline
backdated_registration_phase_events,E0060,baseline
backdated_registration_phase_events,E0061,baseline
backdated_registration_phase_events,E0063,baseline
backdated_registration_phase_events,E0064,baseline
backdated_registration_phase_events,E0065,baseline
backdated_registration_phase_events,E0066,baseline
backdated_registration_phase_events,E0067,baseline
backdated_registration_phase_events,E0068,baseline
backdated_registration_phase_events,E0069,baseline
backdated_registration_phase_events,E0070,baseline
backdated_registration_phase_events,E0071,baseline
backdated_registration_phase_events,E0072,baseline
backdated_registration_phase_events,E0073,baseline
backdated_registration_phase_events,E0074,nudge
backdated_registration_phase_events,E0075,nudge
backdated_registration_phase_events,E0076,nudge
backdated_registration_phase_events,E0077,nudge
backdated_registration_phase_events,E0078,nudge
backdated_registration_phase_events,E0079,nudge
backdated_registration_phase_events,E0080,nudge
backdated_registration_phase_events,E0081,nudge
backdated_registration_phase_events,E0082,nudge
backdated_registration_phase_events,E0083,nudge
backdated_registration_phase_events,E0084,nudge
backdated_registration_phase_events,E0085,nudge
backdated_registration_phase_events,E0086,nudge
backdated_registration_phase_events,E0087,nudge
backdated_registration_phase_events,E0088,baseline
backdated_registration_phase_events,E0089,baseline
backdated_registration_phase_events,E0090,baseline
backdated_registration_phase_events,E0091,baseline
backdated_registration_phase_events,E0092,baseline
backdated_registration_phase_events,E0093,nudge
backdated_registration_phase_events,E0094,nudge
backdated_registration_phase_events,E0095,nudge
backdated_registration_phase_events,E0096,nudge
backdated_registration_phase_events,E0097,nudge
backdated_registration_phase_events,E0098,nudge
backdated_registration_phase_events,E0099,baseline
backdated_registration_phase_events,E0100,baseline
backdated_registration_phase_events,E0101,baseline
backdated_registration_phase_events,E0102,baseline
backdated_registration_phase_events,E0103,baseline
backdated_registration_phase_events,E0104,baseline
backdated_registration_phase_events,E0105,baseline
backdated_registration_phase_events,E0106,baseline
backdated_registration_phase_events,E0107,nudge
backdated_registration_phase_events,E0108,nudge
backdated_registration_phase_events,E0109,nudge
backdated_registration_phase_events,E0110,nudge
backdated_registration_phase_events,E0111,baseline
backdated_registration_phase_events,E0112,baseline
backdated_registration_phase_events,E0113,baseline
backdated_registration_phase_events,E0114,baseline
backdated_registration_phase_events,E0115,baseline
backdated_registration_phase_events,E0116,baseline
backdated_registration_phase_events,E0117,baseline
backdated_registration_phase_events,E0118,baseline
backdated_registration_phase_events,E0119,baseline
backdated_registration_phase_events,E0120,baseline
backdated_registration_phase_events,E0121,baseline
backdated_registration_phase_events,E0122,baseline
backdated_registration_phase_events,E0123,baseline
backdated_registration_phase_events,E0124,baseline
backdated_registration_phase_events,E0125,baseline
backdated_registration_phase_events,E0126,baseline
backdated_registration_phase_events,E0127,baseline
backdated_registration_phase_events,E0128,baseline
backdated_registration_phase_events,E0129,baseline
backdated_registration_phase_events,E0130,baseline
backdated_registration_phase_events,E0131,baseline
backdated_registration_phase_events,E0132,baseline
backdated_registration_phase_events,E0133,baseline
backdated_registration_phase_events,E0134,nudge
backdated_registration_phase_events,E0135,nudge
backdated_registration_phase_events,E0136,nudge
backdated_registration_phase_events,E0137,nudge
backdated_registration_phase_events,E0138,nudge
backdated_registration_phase_events,E0139,nudge
backdated_registration_phase_events,E0140,nudge
backdated_registration_phase_events,E0141,nudge
backdated_registration_phase_events,E0142,nudge
backdated_registration_phase_events,E0143,nudge
backdated_registration_phase_events,E0144,nudge
backdated_registration_phase_events,E0145,nudge
backdated_registration_phase_events,E0146,nudge
backdated_registration_phase_events,E0147,nudge
backdated_registration_phase_events,E0148,baseline
backdated_registration_phase_events,E0149,baseline
backdated_registration_phase_events,E0150,baseline
backdated_registration_phase_events,E0151,baseline
backdated_registration_phase_events,E0152,baseline
backdated_registration_phase_events,E0153,baseline
backdated_registration_phase_events,E0154,baseline
backdated_registration_phase_events,E0155,baseline
backdated_registration_phase_events,E0156,baseline
backdated_registration_phase_events,E0157,baseline
backdated_registration_phase_events,E0158,baseline
backdated_registration_phase_events,E0159,nudge
backdated_registration_phase_events,E0160,nudge
backdated_registration_phase_events,E0161,nudge
backdated_registration_phase_events,E0162,nudge
backdated_registration_phase_events,E0163,nudge
backdated_registration_phase_events,E0164,nudge
backdated_registration_phase_events,E0165,nudge
backdated_registration_phase_events,E0166,nudge
backdated_registration_phase_events,E0167,nudge
backdated_registration_phase_events,E0168,baseline
backdated_registration_phase_events,E0169,baseline
backdated_registration_phase_events,E0170,baseline
backdated_registration_phase_events,E0171,baseline
backdated_registration_phase_events,E0172,baseline
backdated_registration_phase_events,E0173,baseline
backdated_registration_phase_events,E0174,baseline
backdated_registration_phase_events,E0175,baseline
backdated_registration_phase_events,E0176,baseline
backdated_registration_phase_events,E0177,nudge
backdated_registration_phase_events,E0178,nudge
backdated_registration_phase_events,E0179,nudge
backdated_registration_phase_events,E0180,nudge
backdated_registration_phase_events,E0182,nudge
backdated_registration_phase_events,E0183,nudge
backdated_registration_phase_events,E0184,nudge
backdated_registration_phase_events,E0185,nudge
backdated_registration_phase_events,E0186,baseline
backdated_registration_phase_events,E0187,baseline
backdated_registration_phase_events,E0188,baseline
backdated_registration_phase_events,E0189,baseline
backdated_registration_phase_events,E0190,baseline
backdated_registration_phase_events,E0191,baseline
backdated_registration_phase_events,E0192,baseline
backdated_registration_phase_events,E0193,baseline
backdated_registration_phase_events,E0194,baseline
backdated_registration_phase_events,E0195,baseline
backdated_registration_phase_events,E0196,nudge
backdated_registration_phase_events,E0197,nudge
backdated_registration_phase_events,E0198,nudge
backdated_registration_phase_events,E0199,nudge
backdated_registration_phase_events,E0200,baseline
backdated_registration_phase_events,E0201,baseline
backdated_registration_phase_events,E0202,baseline
backdated_registration_phase_events,E0203,baseline
backdated_registration_phase_events,E0204,baseline
backdated_registration_phase_events,E0205,baseline
backdated_registration_phase_events,E0206,baseline
backdated_registration_phase_events,E0207,nudge
backdated_registration_phase_events,E0208,nudge
backdated_registration_phase_events,E0209,nudge
backdated_registration_phase_events,E0210,nudge
backdated_registration_phase_events,E0211,nudge
backdated_registration_phase_events,E0212,baseline
backdated_registration_phase_events,E0213,baseline
backdated_registration_phase_events,E0214,baseline
backdated_registration_phase_events,E0215,baseline
backdated_registration_phase_events,E0216,baseline
backdated_registration_phase_events,E0217,baseline
backdated_registration_phase_events,E0218,baseline
backdated_registration_phase_events,E0219,baseline
backdated_registration_phase_events,E0220,nudge
backdated_registration_phase_events,E0221,nudge
backdated_registration_phase_events,E0222,nudge
backdated_registration_phase_events,E0223,nudge
backdated_registration_phase_events,E0225,nudge
backdated_registration_phase_events,E0227,nudge
backdated_registration_phase_events,E0236,nudge
backdated_registration_phase_events,E0238,nudge
backdated_registration_phase_events,E0239,nudge
backdated_registration_phase_events,E0240,nudge
backdated_registration_phase_events,E0260,baseline
backdated_registration_phase_events,E0261,baseline
backdated_registration_phase_events,E0262,baseline
backdated_registration_phase_events,E0263,baseline
backdated_registration_phase_events,E0264,baseline
backdated_registration_phase_events,E0265,baseline
backdated_registration_phase_events,E0266,baseline
backdated_registration_phase_events,E0267,baseline
backdated_registration_phase_events,E0268,baseline
backdated_registration_phase_events,E0269,baseline
backdated_registration_phase_events,E0270,baseline
backdated_registration_phase_events,E0271,baseline
backdated_registration_phase_events,E0272,baseline
backdated_registration_phase_events,E0273,baseline
backdated_registration_phase_events,E0274,baseline
backdated_registration_phase_events,E0275,baseline
backdated_registration_phase_events,E0276,baseline
backdated_registration_phase_events,E0277,baseline
backdated_registration_phase_events,E0278,baseline
backdated_registration_phase_events,E0279,baseline
backdated_registration_phase_events,E0280,baseline
backdated_registration_phase_events,E0281,baseline
backdated_registration_phase_events,E0282,baseline
backdated_registration_phase_events,E0283,nudge
backdated_registration_phase_events,E0284,nudge
backdated_registration_phase_events,E0285,nudge
backdated_registration_phase_events,E0286,nudge
backdated_registration_phase_events,E0287,nudge
backdated_registration_phase_events,E0288,nudge
backdated_registration_phase_events,E0289,nudge
backdated_registration_phase_events,E0290,nudge
backdated_registration_phase_events,E0291,nudge
backdated_registration_phase_events,E0292,nudge
backdated_registration_phase_events,E0293,nudge
backdated_registration_phase_events,E0294,nudge
backdated_registration_phase_events,E0295,nudge
backdated_registration_phase_events,E0296,nudge
backdated_registration_phase_events,E0297,nudge
backdated_registration_phase_events,E0320,baseline
backdated_registration_phase_events,E0321,baseline
backdated_registration_phase_events,E0322,baseline
backdated_registration_phase_events,E0323,baseline
backdated_registration_phase_events,E0324,baseline
backdated_registration_phase_events,E0326,baseline
backdated_registration_phase_events,E0327,baseline
backdated_registration_phase_events,E0328,baseline
backdated_registration_phase_events,E0329,baseline
backdated_registration_phase_events,E0330,baseline
backdated_registration_phase_events,E0331,baseline
backdated_registration_phase_events,E0332,nudge
backdated_registration_phase_events,E0333,nudge
backdated_registration_phase_events,E0334,nudge
backdated_registration_phase_events,E0335,nudge
backdated_registration_phase_events,E0336,baseline
backdated_registration_phase_events,E0337,baseline
backdated_registration_phase_events,E0338,baseline
backdated_registration_phase_events,E0339,baseline
backdated_registration_phase_events,E0341,baseline
backdated_registration_phase_events,E0342,baseline
backdated_registration_phase_events,E0343,nudge
backdated_registration_phase_events,E0344,nudge
backdated_registration_phase_events,E0345,baseline
backdated_registration_phase_events,E0346,baseline
backdated_registration_phase_events,E0347,baseline
backdated_registration_phase_events,E0348,nudge
backdated_registration_phase_events,E0349,nudge
backdated_registration_phase_events,E0350,nudge
backdated_registration_phase_events,E0352,baseline
backdated_registration_phase_events,E0353,baseline
backdated_registration_phase_events,E0354,baseline
backdated_registration_phase_events,E0355,baseline
backdated_registration_phase_events,E0356,baseline
backdated_registration_phase_events,E0357,baseline
backdated_registration_phase_events,E0358,baseline
backdated_registration_phase_events,E0361,baseline
backdated_registration_phase_events,E0362,baseline
backdated_registration_phase_events,E0363,baseline
backdated_registration_phase_events,E0364,baseline
backdated_registration_phase_events,E0365,baseline
backdated_registration_phase_events,E0366,baseline
backdated_registration_phase_events,E0367,baseline
backdated_registration_phase_events,E0368,nudge
backdated_registration_phase_events,E0369,nudge
backdated_registration_phase_events,E0370,nudge
backdated_registration_phase_events,E0371,nudge
backdated_registration_phase_events,E0372,nudge
backdated_registration_phase_events,E0373,nudge
backdated_registration_phase_events,E0374,nudge
backdated_registration_phase_events,E0375,nudge
backdated_registration_phase_events,E0376,nudge
backdated_registration_phase_events,E0377,nudge
backdated_registration_phase_events,E0378,nudge
backdated_registration_phase_events,E0379,nudge
backdated_registration_phase_events,E0380,baseline
backdated_registration_phase_events,E0381,baseline
backdated_registration_phase_events,E0382,baseline
backdated_registration_phase_events,E0383,baseline
backdated_registration_phase_events,E0384,baseline
backdated_registration_phase_events,E0385,baseline
backdated_registration_phase_events,E0386,baseline
backdated_registration_phase_events,E0387,baseline
backdated_registration_phase_events,E0388,baseline
backdated_registration_phase_events,E0389,baseline
backdated_registration_phase_events,E0390,baseline
backdated_registration_phase_events,E0391,nudge
backdated_registration_phase_events,E0392,nudge
backdated_registration_phase_events,E0393,nudge
backdated_registration_phase_events,E0394,nudge
backdated_registration_phase_events,E0395,nudge
backdated_registration_phase_events,E0396,nudge
backdated_registration_phase_events,E0397,baseline
backdated_registration_phase_events,E0398,baseline
backdated_registration_phase_events,E0399,baseline
backdated_registration_phase_events,E0400,baseline
backdated_registration_phase_events,E0401,baseline
backdated_registration_phase_events,E0402,baseline
backdated_registration_phase_events,E0403,baseline
backdated_registration_phase_events,E0404,baseline
backdated_registration_phase_events,E0405,baseline
backdated_registration_phase_events,E0406,baseline
backdated_registration_phase_events,E0407,baseline
backdated_registration_phase_events,E0408,baseline
backdated_registration_phase_events,E0409,baseline
backdated_registration_phase_events,E0410,baseline
backdated_registration_phase_events,E0411,baseline
backdated_registration_phase_events,E0412,baseline
backdated_registration_phase_events,E0413,baseline
backdated_registration_phase_events,E0414,baseline
backdated_registration_phase_events,E0415,nudge
backdated_registration_phase_events,E0416,nudge
backdated_registration_phase_events,E0417,nudge
backdated_registration_phase_events,E0418,nudge
backdated_registration_phase_events,E0420,nudge
backdated_registration_phase_events,E0421,nudge
backdated_registration_phase_events,E0422,baseline
backdated_registration_phase_events,E0423,baseline
backdated_registration_phase_events,E0424,baseline
backdated_registration_phase_events,E0425,baseline
backdated_registration_phase_events,E0426,baseline
backdated_registration_phase_events,E0427,baseline
backdated_registration_phase_events,E0428,baseline
backdated_registration_phase_events,E0429,baseline
backdated_registration_phase_events,E0430,baseline
backdated_registration_phase_events,E0431,baseline
backdated_registration_phase_events,E0432,baseline
backdated_registration_phase_events,E0433,nudge
backdated_registration_phase_events,E0434,nudge
backdated_registration_phase_events,E0435,nudge
backdated_registration_phase_events,E0436,nudge
backdated_registration_phase_events,E0437,nudge
backdated_registration_phase_events,E0438,nudge
backdated_registration_phase_events,E0462,baseline
backdated_registration_phase_events,E0463,baseline
backdated_registration_phase_events,E0464,baseline
backdated_registration_phase_events,E0465,baseline
backdated_registration_phase_events,E0466,baseline
backdated_registration_phase_events,E0467,baseline
backdated_registration_phase_events,E0468,baseline
backdated_registration_phase_events,E0469,baseline
backdated_registration_phase_events,E0470,baseline
backdated_registration_phase_events,E0471,baseline
backdated_registration_phase_events,E0472,baseline
backdated_registration_phase_events,E0473,baseline
backdated_registration_phase_events,E0474,baseline
backdated_registration_phase_events,E0475,baseline
backdated_registration_phase_events,E0476,baseline
backdated_registration_phase_events,E0477,baseline
backdated_registration_phase_events,E0478,baseline
backdated_registration_phase_events,E0479,baseline
backdated_registration_phase_events,E0480,baseline
backdated_registration_phase_events,E0481,nudge
backdated_registration_phase_events,E0482,nudge
backdated_registration_phase_events,E0483,nudge
backdated_registration_phase_events,E0484,nudge
backdated_registration_phase_events,E0485,nudge
backdated_registration_phase_events,E0486,nudge
backdated_registration_phase_events,E0487,nudge
backdated_registration_phase_events,E0488,nudge
backdated_registration_phase_events,E0489,nudge
backdated_registration_phase_events,E0501,baseline
backdated_registration_phase_events,E0502,baseline
backdated_registration_phase_events,E0503,baseline
backdated_registration_phase_events,E0504,baseline
backdated_registration_phase_events,E0505,baseline
backdated_registration_phase_events,E0506,baseline
backdated_registration_phase_events,E0507,baseline
backdated_registration_phase_events,E0508,baseline
backdated_registration_phase_events,E0509,baseline
backdated_registration_phase_events,E0510,baseline
backdated_registration_phase_events,E0511,baseline
backdated_registration_phase_events,E0512,nudge
backdated_registration_phase_events,E0513,nudge
backdated_registration_phase_events,E0514,nudge
backdated_registration_phase_events,E0515,nudge
backdated_registration_phase_events,E0516,nudge
backdated_registration_phase_events,E0517,nudge
backdated_registration_phase_events,E0518,nudge
backdated_registration_phase_events,E0519,nudge
backdated_registration_phase_events,E0545,baseline
backdated_registration_phase_events,E0546,baseline
backdated_registration_phase_events,E0547,baseline
backdated_registration_phase_events,E0548,baseline
backdated_registration_phase_events,E0549,baseline
backdated_registration_phase_events,E0550,baseline
backdated_registration_phase_events,E0551,baseline
backdated_registration_phase_events,E0552,baseline
backdated_registration_phase_events,E0553,baseline
backdated_registration_phase_events,E0555,nudge
backdated_registration_phase_events,E0556,nudge
backdated_registration_phase_events,E0557,nudge
backdated_registration_phase_events,E0558,nudge
backdated_registration_phase_events,E0568,baseline
backdated_registration_phase_events,E0570,baseline
backdated_registration_phase_events,E0571,baseline
backdated_registration_phase_events,E0572,baseline
backdated_registration_phase_events,E0573,baseline
backdated_registration_phase_events,E0574,baseline
backdated_registration_phase_events,E0575,baseline
backdated_registration_phase_events,E0576,baseline
backdated_registration_phase_events,E0577,baseline
backdated_registration_phase_events,E0578,baseline
backdated_registration_phase_events,E0579,baseline
backdated_registration_phase_events,E0580,nudge
backdated_registration_phase_events,E0581,nudge
backdated_registration_phase_events,E0582,nudge
backdated_registration_phase_events,E0583,nudge
backdated_registration_phase_events,E0584,baseline
backdated_registration_phase_events,E0585,baseline
backdated_registration_phase_events,E0586,baseline
backdated_registration_phase_events,E0587,baseline
backdated_registration_phase_events,E0588,baseline
backdated_registration_phase_events,E0589,nudge
backdated_registration_phase_events,E0590,nudge
backdated_registration_phase_events,E0591,nudge
backdated_registration_phase_events,E0592,nudge
backdated_registration_phase_events,E0593,nudge
backdated_registration_phase_events,E0594,baseline
backdated_registration_phase_events,E0595,baseline
backdated_registration_phase_events,E0596,baseline
backdated_registration_phase_events,E0597,baseline
backdated_registration_phase_events,E0598,baseline
backdated_registration_phase_events,E0599,baseline
backdated_registration_phase_events,E0600,baseline
backdated_registration_phase_events,E0601,baseline
backdated_registration_phase_events,E0602,baseline
backdated_registration_phase_events,E0603,baseline
backdated_registration_phase_events,E0604,baseline
backdated_registration_phase_events,E0605,baseline
backdated_registration_phase_events,E0606,baseline
backdated_registration_phase_events,E0607,baseline
backdated_registration_phase_events,E0608,baseline
backdated_registration_phase_events,E0609,nudge
backdated_registration_phase_events,E0610,baseline
backdated_registration_phase_events,E0611,nudge
backdated_registration_phase_events,E0612,nudge
backdated_registration_phase_events,E0613,nudge
backdated_registration_phase_events,E0614,nudge
backdated_registration_phase_events,E0615,nudge
backdated_registration_phase_events,E0616,nudge
backdated_registration_phase_events,E0617,nudge
backdated_registration_phase_events,E0618,nudge
backdated_registration_phase_events,E0619,nudge
backdated_registration_phase_events,E0620,nudge
backdated_registration_phase_events,E0621,nudge
backdated_registration_phase_events,E0622,nudge
backdated_registration_phase_events,E0623,nudge
backdated_registration_phase_events,E0624,nudge
backdated_registration_phase_events,E0625,nudge
backdated_registration_phase_events,E0647,baseline
backdated_registration_phase_events,E0648,baseline
backdated_registration_phase_events,E0649,baseline
backdated_registration_phase_events,E0650,baseline
backdated_registration_phase_events,E0651,baseline
backdated_registration_phase_events,E0652,baseline
backdated_registration_phase_events,E0653,baseline
backdated_registration_phase_events,E0654,baseline
backdated_registration_phase_events,E0655,nudge
backdated_registration_phase_events,E0656,nudge
backdated_registration_phase_events,E0657,nudge
backdated_registration_phase_events,E0658,nudge
backdated_registration_phase_events,E0672,baseline
backdated_registration_phase_events,E0673,baseline
backdated_registration_phase_events,E0674,baseline
backdated_registration_phase_events,E0675,baseline
backdated_registration_phase_events,E0676,nudge
backdated_registration_phase_events,E0678,nudge
backdated_registration_phase_events,E0679,nudge
backdated_registration_phase_events,E0680,nudge
backdated_registration_phase_events,E0682,nudge
backdated_registration_phase_events,E0683,nudge
backdated_registration_phase_events,E0684,nudge
backdated_registration_phase_events,E0695,baseline
backdated_registration_phase_events,E0696,baseline
backdated_registration_phase_events,E0697,baseline
backdated_registration_phase_events,E0698,baseline
backdated_registration_phase_events,E0699,baseline
backdated_registration_phase_events,E0700,baseline
backdated_registration_phase_events,E0701,baseline
backdated_registration_phase_events,E0702,baseline
backdated_registration_phase_events,E0703,baseline
backdated_registration_phase_events,E0704,baseline
backdated_registration_phase_events,E0705,baseline
backdated_registration_phase_events,E0706,nudge
backdated_registration_phase_events,E0707,nudge
backdated_registration_phase_events,E0708,nudge
backdated_registration_phase_events,E0709,nudge
backdated_registration_phase_events,E0710,nudge
backdated_registration_phase_events,E0711,nudge
backdated_registration_phase_events,E0712,nudge
backdated_registration_phase_events,E0713,nudge
backdated_registration_phase_events,E0714,nudge
backdated_registration_phase_events,E0715,nudge
backdated_registration_phase_events,E0716,nudge
backdated_registration_phase_events,E0718,nudge
backdated_registration_phase_events,E0719,baseline
backdated_registration_phase_events,E0720,baseline
backdated_registration_phase_events,E0721,baseline
backdated_registration_phase_events,E0722,baseline
backdated_registration_phase_events,E0723,baseline
backdated_registration_phase_events,E0724,baseline
backdated_registration_phase_events,E0725,baseline
backdated_registration_phase_events,E0726,baseline
backdated_registration_phase_events,E0727,baseline
backdated_registration_phase_events,E0728,baseline
backdated_registration_phase_events,E0729,baseline
backdated_registration_phase_events,E0730,baseline
backdated_registration_phase_events,E0731,baseline
backdated_registration_phase_events,E0732,nudge
backdated_registration_phase_events,E0733,nudge
backdated_registration_phase_events,E0734,nudge
backdated_registration_phase_events,E0735,nudge
backdated_registration_phase_events,E0736,nudge
backdated_registration_phase_events,E0737,nudge
backdated_registration_phase_events,E0738,nudge
backdated_registration_phase_events,E0739,nudge
backdated_registration_phase_events,E0740,nudge
backdated_registration_phase_events,E0741,nudge
backdated_registration_phase_events,E0752,baseline
backdated_registration_phase_events,E0754,baseline
backdated_registration_phase_events,E0755,baseline
backdated_registration_phase_events,E0756,baseline
backdated_registration_phase_events,E0757,baseline
backdated_registration_phase_events,E0758,baseline
backdated_registration_phase_events,E0759,baseline
backdated_registration_phase_events,E0760,baseline
backdated_registration_phase_events,E0761,baseline
backdated_registration_phase_events,E0762,baseline
backdated_registration_phase_events,E0763,baseline
backdated_registration_phase_events,E0764,nudge
backdated_registration_phase_events,E0765,nudge
backdated_registration_phase_events,E0766,nudge
backdated_registration_phase_events,E0767,nudge
backdated_registration_phase_events,E0768,nudge
backdated_registration_phase_events,E0769,nudge
backdated_registration_phase_events,E0770,nudge
backdated_registration_phase_events,E0771,nudge
backdated_registration_phase_events,E0772,nudge
backdated_registration_phase_events,E0773,nudge
backdated_registration_phase_events,E0774,nudge
backdated_registration_phase_events,E0775,nudge
backdated_registration_phase_events,E0776,nudge
backdated_registration_phase_events,E0777,nudge
backdated_registration_phase_events,E0778,nudge
backdated_registration_phase_events,E0809,baseline
backdated_registration_phase_events,E0811,baseline
backdated_registration_phase_events,E0812,baseline
backdated_registration_phase_events,E0813,baseline
backdated_registration_phase_events,E0814,baseline
backdated_registration_phase_events,E0815,baseline
backdated_registration_phase_events,E0816,baseline
backdated_registration_phase_events,E0817,baseline
backdated_registration_phase_events,E0818,baseline
backdated_registration_phase_events,E0819,baseline
backdated_registration_phase_events,E0820,baseline
backdated_registration_phase_events,E0821,nudge
backdated_registration_phase_events,E0822,nudge
backdated_registration_phase_events,E0823,nudge
backdated_registration_phase_events,E0824,nudge
backdated_registration_phase_events,E0825,nudge
backdated_registration_phase_events,E0826,nudge
backdated_registration_phase_events,E0827,nudge
backdated_registration_phase_events,E0828,nudge
backdated_registration_phase_events,E0829,nudge
backdated_registration_phase_events,E0830,baseline
backdated_registration_phase_events,E0831,baseline
backdated_registration_phase_events,E0832,baseline
backdated_registration_phase_events,E0833,baseline
backdated_registration_phase_events,E0834,baseline
backdated_registration_phase_events,E0835,baseline
backdated_registration_phase_events,E0836,baseline
backdated_registration_phase_events,E0837,baseline
backdated_registration_phase_events,E0838,baseline
backdated_registration_phase_events,E0839,nudge
backdated_registration_phase_events,E0840,nudge
backdated_registration_phase_events,E0841,nudge
backdated_registration_phase_events,E0842,nudge
backdated_registration_phase_events,E0843,nudge
backdated_registration_phase_events,E0844,nudge
backdated_registration_phase_events,E0845,nudge
backdated_registration_phase_events,E0846,baseline
backdated_registration_phase_events,E0847,baseline
backdated_registration_phase_events,E0848,baseline
backdated_registration_phase_events,E0849,baseline
backdated_registration_phase_events,E0850,baseline
backdated_registration_phase_events,E0851,baseline
backdated_registration_phase_events,E0852,baseline
backdated_registration_phase_events,E0853,baseline
backdated_registration_phase_events,E0854,baseline
backdated_registration_phase_events,E0855,baseline
backdated_registration_phase_events,E0856,baseline
backdated_registration_phase_events,E0857,baseline
backdated_registration_phase_events,E0858,baseline
backdated_registration_phase_events,E0859,baseline
backdated_registration_phase_events,E0860,baseline
backdated_registration_phase_events,E0861,nudge
backdated_registration_phase_events,E0862,nudge
backdated_registration_phase_events,E0863,nudge
backdated_registration_phase_events,E0865,baseline
backdated_registration_phase_events,E0866,baseline
backdated_registration_phase_events,E0867,baseline
backdated_registration_phase_events,E0868,baseline
backdated_registration_phase_events,E0869,baseline
backdated_registration_phase_events,E0870,baseline
backdated_registration_phase_events,E0871,baseline
backdated_registration_phase_events,E0872,baseline
backdated_registration_phase_events,E0873,baseline
backdated_registration_phase_events,E0874,baseline
backdated_registration_phase_events,E0875,baseline
backdated_registration_phase_events,E0876,baseline
backdated_registration_phase_events,E0877,baseline
backdated_registration_phase_events,E0878,baseline
backdated_registration_phase_events,E0879,baseline
backdated_registration_phase_events,E0880,nudge
backdated_registration_phase_events,E0881,nudge
backdated_registration_phase_events,E0882,nudge
backdated_registration_phase_events,E0883,nudge
backdated_registration_phase_events,E0884,nudge
backdated_registration_phase_events,E0894,baseline
backdated_registration_phase_events,E0895,baseline
backdated_registration_phase_events,E0896,baseline
backdated_registration_phase_events,E0897,baseline
backdated_registration_phase_events,E0898,baseline
backdated_registration_phase_events,E0899,baseline
backdated_registration_phase_events,E0900,baseline
backdated_registration_phase_events,E0901,nudge
backdated_registration_phase_events,E0902,nudge
backdated_registration_phase_events,E0903,nudge
backdated_registration_phase_events,E0904,nudge
backdated_registration_phase_events,E0912,baseline
backdated_registration_phase_events,E0913,baseline
backdated_registration_phase_events,E0914,baseline
backdated_registration_phase_events,E0915,baseline
backdated_registration_phase_events,E0916,baseline
backdated_registration_phase_events,E0917,baseline
backdated_registration_phase_events,E0918,baseline
backdated_registration_phase_events,E0919,baseline
backdated_registration_phase_events,E0920,baseline
backdated_registration_phase_events,E0921,baseline
backdated_registration_phase_events,E0922,baseline
backdated_registration_phase_events,E0923,baseline
backdated_registration_phase_events,E0924,baseline
backdated_registration_phase_events,E0925,baseline
backdated_registration_phase_events,E0927,baseline
backdated_registration_phase_events,E0928,baseline
backdated_registration_phase_events,E0929,nudge
backdated_registration_phase_events,E0930,nudge
backdated_registration_phase_events,E0931,nudge
backdated_registration_phase_events,E0932,nudge
backdated_registration_phase_events,E0933,nudge
backdated_registration_phase_events,E0934,nudge
backdated_registration_phase_events,E0935,nudge
backdated_registration_phase_events,E0936,nudge
backdated_registration_phase_events,E0937,nudge
backdated_registration_phase_events,E0938,nudge
backdated_registration_phase_events,E0939,nudge
backdated_registration_phase_events,E0940,nudge
backdated_registration_phase_events,E0941,nudge
backdated_registration_phase_events,E0942,nudge
backdated_registration_phase_events,E0943,nudge
backdated_registration_phase_events,E0944,nudge
backdated_registration_phase_events,E0955,baseline
backdated_registration_phase_events,E0956,baseline
backdated_registration_phase_events,E0957,baseline
backdated_registration_phase_events,E0958,baseline
backdated_registration_phase_events,E0959,baseline
backdated_registration_phase_events,E0960,baseline
backdated_registration_phase_events,E0961,baseline
backdated_registration_phase_events,E0962,baseline
backdated_registration_phase_events,E0963,baseline
backdated_registration_phase_events,E0964,baseline
backdated_registration_phase_events,E0965,nudge
backdated_registration_phase_events,E0966,nudge
backdated_registration_phase_events,E0967,nudge
backdated_registration_phase_events,E0968,nudge
backdated_registration_phase_events,E0969,nudge
backdated_registration_phase_events,E0970,nudge
backdated_registration_phase_events,E0971,nudge
backdated_registration_phase_events,E0972,nudge
backdated_registration_phase_events,E0973,nudge
backdated_registration_phase_events,E0986,baseline
backdated_registration_phase_events,E0987,baseline
backdated_registration_phase_events,E0988,baseline
backdated_registration_phase_events,E0989,baseline
backdated_registration_phase_events,E0990,baseline
backdated_registration_phase_events,E0991,baseline
backdated_registration_phase_events,E0992,baseline
backdated_registration_phase_events,E0993,baseline
backdated_registration_phase_events,E0994,baseline
backdated_registration_phase_events,E0995,baseline
backdated_registration_phase_events,E0996,baseline
backdated_registration_phase_events,E0997,nudge
backdated_registration_phase_events,E0998,nudge
backdated_registration_phase_events,E0999,nudge
backdated_registration_phase_events,E1000,nudge
backdated_registration_phase_events,E1011,baseline
backdated_registration_phase_events,E1012,baseline
backdated_registration_phase_events,E1013,baseline
backdated_registration_phase_events,E1014,baseline
backdated_registration_phase_events,E1015,baseline
backdated_registration_phase_events,E1016,baseline
backdated_registration_phase_events,E1017,baseline
backdated_registration_phase_events,E1018,baseline
backdated_registration_phase_events,E1019,baseline
backdated_registration_phase_events,E1020,baseline
backdated_registration_phase_events,E1021,baseline
backdated_registration_phase_events,E1022,nudge
backdated_registration_phase_events,E1023,nudge
backdated_registration_phase_events,E1024,nudge
backdated_registration_phase_events,E1025,nudge
backdated_registration_phase_events,E1026,nudge
backdated_registration_phase_events,E1027,nudge
backdated_registration_phase_events,E1029,nudge
backdated_registration_phase_events,E1030,nudge
backdated_registration_phase_events,E1031,nudge
backdated_registration_phase_events,E1032,nudge
backdated_registration_phase_events,E1033,nudge
backdated_registration_phase_events,E1054,baseline
backdated_registration_phase_events,E1055,baseline
backdated_registration_phase_events,E1056,baseline
backdated_registration_phase_events,E1057,baseline
backdated_registration_phase_events,E1058,baseline
backdated_registration_phase_events,E1059,baseline
backdated_registration_phase_events,E1060,baseline
backdated_registration_phase_events,E1061,baseline
backdated_registration_phase_events,E1062,baseline
backdated_registration_phase_events,E1063,baseline
backdated_registration_phase_events,E1064,baseline
backdated_registration_phase_events,E1065,baseline
backdated_registration_phase_events,E1066,nudge
backdated_registration_phase_events,E1067,nudge
backdated_registration_phase_events,E1068,nudge
backdated_registration_phase_events,E1069,nudge
backdated_registration_phase_events,E1070,nudge
backdated_registration_phase_events,E1071,nudge
backdated_registration_phase_events,E1072,nudge
backdated_registration_phase_events,E1073,baseline
backdated_registration_phase_events,E1074,baseline
backdated_registration_phase_events,E1075,baseline
backdated_registration_phase_events,E1076,baseline
backdated_registration_phase_events,E1077,baseline
backdated_registration_phase_events,E1078,baseline
backdated_registration_phase_events,E1079,baseline
backdated_registration_phase_events,E1080,baseline
backdated_registration_phase_events,E1081,baseline
backdated_registration_phase_events,E1082,baseline
backdated_registration_phase_events,E1083,baseline
backdated_registration_phase_events,E1084,baseline
backdated_registration_phase_events,E1085,baseline
backdated_registration_phase_events,E1086,baseline
backdated_registration_phase_events,E1087,nudge
backdated_registration_phase_events,E1088,nudge
backdated_registration_phase_events,E1089,nudge
backdated_registration_phase_events,E1090,nudge
backdated_registration_phase_events,E1091,nudge
backdated_registration_phase_events,E1092,nudge
backdated_registration_phase_events,E1093,nudge
backdated_registration_phase_events,E1094,nudge
backdated_registration_phase_events,E1095,nudge
backdated_registration_phase_events,E1096,nudge
backdated_registration_phase_events,E1097,nudge
exposure_marker_events,E0002,baseline
exposure_marker_events,E0003,baseline
exposure_marker_events,E0004,baseline
exposure_marker_events,E0005,baseline
exposure_marker_events,E0006,baseline
exposure_marker_events,E0007,baseline
exposure_marker_events,E0008,baseline
exposure_marker_events,E0009,baseline
exposure_marker_events,E0010,baseline
exposure_marker_events,E0011,baseline
exposure_marker_events,E0012,baseline
exposure_marker_events,E0013,nudge
exposure_marker_events,E0014,nudge
exposure_marker_events,E0015,nudge
exposure_marker_events,E0016,nudge
exposure_marker_events,E0017,nudge
exposure_marker_events,E0018,nudge
exposure_marker_events,E0019,nudge
exposure_marker_events,E0020,nudge
exposure_marker_events,E0021,nudge
exposure_marker_events,E0022,nudge
exposure_marker_events,E0023,nudge
exposure_marker_events,E0024,nudge
exposure_marker_events,E0025,nudge
exposure_marker_events,E0026,nudge
exposure_marker_events,E0029,baseline
exposure_marker_events,E0031,baseline
exposure_marker_events,E0032,baseline
exposure_marker_events,E0033,nudge
exposure_marker_events,E0034,nudge
exposure_marker_events,E0035,nudge
exposure_marker_events,E0036,nudge
exposure_marker_events,E0037,nudge
exposure_marker_events,E0038,nudge
exposure_marker_events,E0039,nudge
exposure_marker_events,E0040,nudge
exposure_marker_events,E0041,nudge
exposure_marker_events,E0042,baseline
exposure_marker_events,E0043,baseline
exposure_marker_events,E0044,baseline
exposure_marker_events,E0045,baseline
exposure_marker_events,E0047,baseline
exposure_marker_events,E0048,baseline
exposure_marker_events,E0049,baseline
exposure_marker_events,E0050,baseline
exposure_marker_events,E0051,baseline
exposure_marker_events,E0052,baseline
exposure_marker_events,E0053,nudge
exposure_marker_events,E0054,nudge
exposure_marker_events,E0055,nudge
exposure_marker_events,E0056,nudge
exposure_marker_events,E0057,nudge
exposure_marker_events,E0058,nudge
exposure_marker_events,E0059,baseline
exposure_marker_events,E0060,baseline
exposure_marker_events,E0061,baseline
exposure_marker_events,E0063,baseline
exposure_marker_events,E0064,baseline
exposure_marker_events,E0065,baseline
exposure_marker_events,E0066,baseline
exposure_marker_events,E0067,baseline
exposure_marker_events,E0068,baseline
exposure_marker_events,E0069,baseline
exposure_marker_events,E0070,baseline
exposure_marker_events,E0071,baseline
exposure_marker_events,E0072,baseline
exposure_marker_events,E0073,baseline
exposure_marker_events,E0074,baseline
exposure_marker_events,E0075,nudge
exposure_marker_events,E0076,nudge
exposure_marker_events,E0077,nudge
exposure_marker_events,E0078,nudge
exposure_marker_events,E0079,nudge
exposure_marker_events,E0080,nudge
exposure_marker_events,E0081,nudge
exposure_marker_events,E0082,nudge
exposure_marker_events,E0083,nudge
exposure_marker_events,E0084,nudge
exposure_marker_events,E0085,nudge
exposure_marker_events,E0086,nudge
exposure_marker_events,E0087,nudge
exposure_marker_events,E0088,baseline
exposure_marker_events,E0089,baseline
exposure_marker_events,E0090,baseline
exposure_marker_events,E0091,baseline
exposure_marker_events,E0092,baseline
exposure_marker_events,E0093,baseline
exposure_marker_events,E0094,nudge
exposure_marker_events,E0095,nudge
exposure_marker_events,E0096,nudge
exposure_marker_events,E0097,nudge
exposure_marker_events,E0098,nudge
exposure_marker_events,E0099,baseline
exposure_marker_events,E0100,baseline
exposure_marker_events,E0101,baseline
exposure_marker_events,E0102,baseline
exposure_marker_events,E0103,baseline
exposure_marker_events,E0104,baseline
exposure_marker_events,E0105,baseline
exposure_marker_events,E0106,baseline
exposure_marker_events,E0107,nudge
exposure_marker_events,E0108,nudge
exposure_marker_events,E0109,nudge
exposure_marker_events,E0110,nudge
exposure_marker_events,E0111,baseline
exposure_marker_events,E0112,baseline
exposure_marker_events,E0113,baseline
exposure_marker_events,E0114,baseline
exposure_marker_events,E0115,baseline
exposure_marker_events,E0116,baseline
exposure_marker_events,E0117,baseline
exposure_marker_events,E0118,baseline
exposure_marker_events,E0119,baseline
exposure_marker_events,E0120,baseline
exposure_marker_events,E0121,baseline
exposure_marker_events,E0122,baseline
exposure_marker_events,E0123,baseline
exposure_marker_events,E0124,baseline
exposure_marker_events,E0125,baseline
exposure_marker_events,E0126,baseline
exposure_marker_events,E0127,baseline
exposure_marker_events,E0128,baseline
exposure_marker_events,E0129,baseline
exposure_marker_events,E0130,baseline
exposure_marker_events,E0131,baseline
exposure_marker_events,E0132,baseline
exposure_marker_events,E0133,baseline
exposure_marker_events,E0134,nudge
exposure_marker_events,E0135,nudge
exposure_marker_events,E0136,nudge
exposure_marker_events,E0137,nudge
exposure_marker_events,E0138,nudge
exposure_marker_events,E0139,nudge
exposure_marker_events,E0140,nudge
exposure_marker_events,E0141,nudge
exposure_marker_events,E0142,nudge
exposure_marker_events,E0143,nudge
exposure_marker_events,E0144,nudge
exposure_marker_events,E0145,nudge
exposure_marker_events,E0146,nudge
exposure_marker_events,E0147,nudge
exposure_marker_events,E0148,baseline
exposure_marker_events,E0149,baseline
exposure_marker_events,E0150,baseline
exposure_marker_events,E0151,baseline
exposure_marker_events,E0152,baseline
exposure_marker_events,E0153,baseline
exposure_marker_events,E0154,baseline
exposure_marker_events,E0155,baseline
exposure_marker_events,E0156,baseline
exposure_marker_events,E0157,baseline
exposure_marker_events,E0158,baseline
exposure_marker_events,E0159,nudge
exposure_marker_events,E0160,nudge
exposure_marker_events,E0161,nudge
exposure_marker_events,E0162,nudge
exposure_marker_events,E0163,nudge
exposure_marker_events,E0164,nudge
exposure_marker_events,E0165,nudge
exposure_marker_events,E0166,nudge
exposure_marker_events,E0167,nudge
exposure_marker_events,E0168,baseline
exposure_marker_events,E0169,baseline
exposure_marker_events,E0170,baseline
exposure_marker_events,E0171,baseline
exposure_marker_events,E0172,baseline
exposure_marker_events,E0173,baseline
exposure_marker_events,E0174,baseline
exposure_marker_events,E0175,baseline
exposure_marker_events,E0176,baseline
exposure_marker_events,E0177,nudge
exposure_marker_events,E0178,nudge
exposure_marker_events,E0179,nudge
exposure_marker_events,E0180,nudge
exposure_marker_events,E0182,nudge
exposure_marker_events,E0183,nudge
exposure_marker_events,E0184,nudge
exposure_marker_events,E0185,nudge
exposure_marker_events,E0186,baseline
exposure_marker_events,E0187,baseline
exposure_marker_events,E0188,baseline
exposure_marker_events,E0189,baseline
exposure_marker_events,E0190,baseline
exposure_marker_events,E0191,baseline
exposure_marker_events,E0192,baseline
exposure_marker_events,E0193,baseline
exposure_marker_events,E0194,baseline
exposure_marker_events,E0195,baseline
exposure_marker_events,E0196,nudge
exposure_marker_events,E0197,nudge
exposure_marker_events,E0198,nudge
exposure_marker_events,E0199,nudge
exposure_marker_events,E0200,baseline
exposure_marker_events,E0201,baseline
exposure_marker_events,E0202,baseline
exposure_marker_events,E0203,baseline
exposure_marker_events,E0204,baseline
exposure_marker_events,E0205,baseline
exposure_marker_events,E0206,baseline
exposure_marker_events,E0207,baseline
exposure_marker_events,E0208,nudge
exposure_marker_events,E0209,nudge
exposure_marker_events,E0210,nudge
exposure_marker_events,E0211,nudge
exposure_marker_events,E0212,baseline
exposure_marker_events,E0213,baseline
exposure_marker_events,E0214,baseline
exposure_marker_events,E0215,baseline
exposure_marker_events,E0216,baseline
exposure_marker_events,E0217,baseline
exposure_marker_events,E0218,baseline
exposure_marker_events,E0219,baseline
exposure_marker_events,E0220,nudge
exposure_marker_events,E0221,nudge
exposure_marker_events,E0222,nudge
exposure_marker_events,E0223,nudge
exposure_marker_events,E0225,nudge
exposure_marker_events,E0227,nudge
exposure_marker_events,E0236,nudge
exposure_marker_events,E0238,nudge
exposure_marker_events,E0239,nudge
exposure_marker_events,E0240,nudge
exposure_marker_events,E0260,baseline
exposure_marker_events,E0261,baseline
exposure_marker_events,E0262,baseline
exposure_marker_events,E0263,baseline
exposure_marker_events,E0264,baseline
exposure_marker_events,E0265,baseline
exposure_marker_events,E0266,baseline
exposure_marker_events,E0267,baseline
exposure_marker_events,E0268,baseline
exposure_marker_events,E0269,baseline
exposure_marker_events,E0270,baseline
exposure_marker_events,E0271,baseline
exposure_marker_events,E0272,baseline
exposure_marker_events,E0273,baseline
exposure_marker_events,E0274,baseline
exposure_marker_events,E0275,baseline
exposure_marker_events,E0276,baseline
exposure_marker_events,E0277,baseline
exposure_marker_events,E0278,baseline
exposure_marker_events,E0279,baseline
exposure_marker_events,E0280,baseline
exposure_marker_events,E0281,baseline
exposure_marker_events,E0282,baseline
exposure_marker_events,E0283,nudge
exposure_marker_events,E0284,nudge
exposure_marker_events,E0285,nudge
exposure_marker_events,E0286,nudge
exposure_marker_events,E0287,nudge
exposure_marker_events,E0288,nudge
exposure_marker_events,E0289,nudge
exposure_marker_events,E0290,nudge
exposure_marker_events,E0291,nudge
exposure_marker_events,E0292,nudge
exposure_marker_events,E0293,nudge
exposure_marker_events,E0294,nudge
exposure_marker_events,E0295,nudge
exposure_marker_events,E0296,nudge
exposure_marker_events,E0297,nudge
exposure_marker_events,E0320,baseline
exposure_marker_events,E0321,baseline
exposure_marker_events,E0322,baseline
exposure_marker_events,E0323,baseline
exposure_marker_events,E0324,baseline
exposure_marker_events,E0326,baseline
exposure_marker_events,E0327,baseline
exposure_marker_events,E0328,baseline
exposure_marker_events,E0329,baseline
exposure_marker_events,E0330,baseline
exposure_marker_events,E0331,baseline
exposure_marker_events,E0332,nudge
exposure_marker_events,E0333,nudge
exposure_marker_events,E0334,nudge
exposure_marker_events,E0335,nudge
exposure_marker_events,E0336,baseline
exposure_marker_events,E0337,baseline
exposure_marker_events,E0338,baseline
exposure_marker_events,E0339,baseline
exposure_marker_events,E0341,baseline
exposure_marker_events,E0342,baseline
exposure_marker_events,E0343,nudge
exposure_marker_events,E0344,nudge
exposure_marker_events,E0345,baseline
exposure_marker_events,E0346,baseline
exposure_marker_events,E0347,baseline
exposure_marker_events,E0348,nudge
exposure_marker_events,E0349,nudge
exposure_marker_events,E0350,nudge
exposure_marker_events,E0352,baseline
exposure_marker_events,E0353,baseline
exposure_marker_events,E0354,baseline
exposure_marker_events,E0355,baseline
exposure_marker_events,E0356,baseline
exposure_marker_events,E0357,baseline
exposure_marker_events,E0358,baseline
exposure_marker_events,E0361,baseline
exposure_marker_events,E0362,baseline
exposure_marker_events,E0363,baseline
exposure_marker_events,E0364,baseline
exposure_marker_events,E0365,baseline
exposure_marker_events,E0366,baseline
exposure_marker_events,E0367,baseline
exposure_marker_events,E0368,nudge
exposure_marker_events,E0369,nudge
exposure_marker_events,E0370,baseline
exposure_marker_events,E0371,baseline
exposure_marker_events,E0372,nudge
exposure_marker_events,E0373,nudge
exposure_marker_events,E0374,nudge
exposure_marker_events,E0375,nudge
exposure_marker_events,E0376,nudge
exposure_marker_events,E0377,nudge
exposure_marker_events,E0378,nudge
exposure_marker_events,E0379,nudge
exposure_marker_events,E0380,baseline
exposure_marker_events,E0381,baseline
exposure_marker_events,E0382,baseline
exposure_marker_events,E0383,baseline
exposure_marker_events,E0384,baseline
exposure_marker_events,E0385,baseline
exposure_marker_events,E0386,baseline
exposure_marker_events,E0387,baseline
exposure_marker_events,E0388,baseline
exposure_marker_events,E0389,baseline
exposure_marker_events,E0390,baseline
exposure_marker_events,E0391,nudge
exposure_marker_events,E0392,nudge
exposure_marker_events,E0393,nudge
exposure_marker_events,E0394,nudge
exposure_marker_events,E0395,nudge
exposure_marker_events,E0396,nudge
exposure_marker_events,E0397,baseline
exposure_marker_events,E0398,baseline
exposure_marker_events,E0399,baseline
exposure_marker_events,E0400,baseline
exposure_marker_events,E0401,baseline
exposure_marker_events,E0402,baseline
exposure_marker_events,E0403,baseline
exposure_marker_events,E0404,baseline
exposure_marker_events,E0405,baseline
exposure_marker_events,E0406,baseline
exposure_marker_events,E0407,baseline
exposure_marker_events,E0408,baseline
exposure_marker_events,E0409,baseline
exposure_marker_events,E0410,baseline
exposure_marker_events,E0411,baseline
exposure_marker_events,E0412,baseline
exposure_marker_events,E0413,baseline
exposure_marker_events,E0414,baseline
exposure_marker_events,E0415,nudge
exposure_marker_events,E0416,nudge
exposure_marker_events,E0417,nudge
exposure_marker_events,E0418,nudge
exposure_marker_events,E0420,nudge
exposure_marker_events,E0421,nudge
exposure_marker_events,E0422,baseline
exposure_marker_events,E0423,baseline
exposure_marker_events,E0424,baseline
exposure_marker_events,E0425,baseline
exposure_marker_events,E0426,baseline
exposure_marker_events,E0427,baseline
exposure_marker_events,E0428,baseline
exposure_marker_events,E0429,baseline
exposure_marker_events,E0430,baseline
exposure_marker_events,E0431,baseline
exposure_marker_events,E0432,baseline
exposure_marker_events,E0433,nudge
exposure_marker_events,E0434,nudge
exposure_marker_events,E0435,nudge
exposure_marker_events,E0436,nudge
exposure_marker_events,E0437,nudge
exposure_marker_events,E0438,nudge
exposure_marker_events,E0462,baseline
exposure_marker_events,E0463,baseline
exposure_marker_events,E0464,baseline
exposure_marker_events,E0465,baseline
exposure_marker_events,E0466,baseline
exposure_marker_events,E0467,baseline
exposure_marker_events,E0468,baseline
exposure_marker_events,E0469,baseline
exposure_marker_events,E0470,baseline
exposure_marker_events,E0471,baseline
exposure_marker_events,E0472,baseline
exposure_marker_events,E0473,baseline
exposure_marker_events,E0474,baseline
exposure_marker_events,E0475,baseline
exposure_marker_events,E0476,baseline
exposure_marker_events,E0477,baseline
exposure_marker_events,E0478,baseline
exposure_marker_events,E0479,baseline
exposure_marker_events,E0480,baseline
exposure_marker_events,E0481,nudge
exposure_marker_events,E0482,nudge
exposure_marker_events,E0483,nudge
exposure_marker_events,E0484,nudge
exposure_marker_events,E0485,nudge
exposure_marker_events,E0486,nudge
exposure_marker_events,E0487,nudge
exposure_marker_events,E0488,nudge
exposure_marker_events,E0489,nudge
exposure_marker_events,E0501,baseline
exposure_marker_events,E0502,baseline
exposure_marker_events,E0503,baseline
exposure_marker_events,E0504,baseline
exposure_marker_events,E0505,baseline
exposure_marker_events,E0506,baseline
exposure_marker_events,E0507,baseline
exposure_marker_events,E0508,baseline
exposure_marker_events,E0509,baseline
exposure_marker_events,E0510,baseline
exposure_marker_events,E0511,baseline
exposure_marker_events,E0512,nudge
exposure_marker_events,E0513,nudge
exposure_marker_events,E0514,nudge
exposure_marker_events,E0515,nudge
exposure_marker_events,E0516,nudge
exposure_marker_events,E0517,nudge
exposure_marker_events,E0518,nudge
exposure_marker_events,E0519,nudge
exposure_marker_events,E0545,baseline
exposure_marker_events,E0546,baseline
exposure_marker_events,E0547,baseline
exposure_marker_events,E0548,baseline
exposure_marker_events,E0549,baseline
exposure_marker_events,E0550,baseline
exposure_marker_events,E0551,baseline
exposure_marker_events,E0552,baseline
exposure_marker_events,E0553,baseline
exposure_marker_events,E0555,nudge
exposure_marker_events,E0556,nudge
exposure_marker_events,E0557,nudge
exposure_marker_events,E0558,nudge
exposure_marker_events,E0568,baseline
exposure_marker_events,E0570,baseline
exposure_marker_events,E0571,baseline
exposure_marker_events,E0572,baseline
exposure_marker_events,E0573,baseline
exposure_marker_events,E0574,baseline
exposure_marker_events,E0575,baseline
exposure_marker_events,E0576,baseline
exposure_marker_events,E0577,baseline
exposure_marker_events,E0578,baseline
exposure_marker_events,E0579,baseline
exposure_marker_events,E0580,nudge
exposure_marker_events,E0581,nudge
exposure_marker_events,E0582,nudge
exposure_marker_events,E0583,nudge
exposure_marker_events,E0584,baseline
exposure_marker_events,E0585,baseline
exposure_marker_events,E0586,baseline
exposure_marker_events,E0587,baseline
exposure_marker_events,E0588,baseline
exposure_marker_events,E0589,baseline
exposure_marker_events,E0590,nudge
exposure_marker_events,E0591,nudge
exposure_marker_events,E0592,nudge
exposure_marker_events,E0593,nudge
exposure_marker_events,E0594,baseline
exposure_marker_events,E0595,baseline
exposure_marker_events,E0596,baseline
exposure_marker_events,E0597,baseline
exposure_marker_events,E0598,baseline
exposure_marker_events,E0599,baseline
exposure_marker_events,E0600,baseline
exposure_marker_events,E0601,baseline
exposure_marker_events,E0602,baseline
exposure_marker_events,E0603,baseline
exposure_marker_events,E0604,baseline
exposure_marker_events,E0605,baseline
exposure_marker_events,E0606,baseline
exposure_marker_events,E0607,baseline
exposure_marker_events,E0608,baseline
exposure_marker_events,E0609,baseline
exposure_marker_events,E0610,baseline
exposure_marker_events,E0611,nudge
exposure_marker_events,E0612,nudge
exposure_marker_events,E0613,baseline
exposure_marker_events,E0614,nudge
exposure_marker_events,E0615,nudge
exposure_marker_events,E0616,nudge
exposure_marker_events,E0617,nudge
exposure_marker_events,E0618,nudge
exposure_marker_events,E0619,nudge
exposure_marker_events,E0620,nudge
exposure_marker_events,E0621,nudge
exposure_marker_events,E0622,nudge
exposure_marker_events,E0623,nudge
exposure_marker_events,E0624,nudge
exposure_marker_events,E0625,nudge
exposure_marker_events,E0647,baseline
exposure_marker_events,E0648,baseline
exposure_marker_events,E0649,baseline
exposure_marker_events,E0650,baseline
exposure_marker_events,E0651,baseline
exposure_marker_events,E0652,baseline
exposure_marker_events,E0653,baseline
exposure_marker_events,E0654,baseline
exposure_marker_events,E0655,baseline
exposure_marker_events,E0656,baseline
exposure_marker_events,E0657,baseline
exposure_marker_events,E0658,nudge
exposure_marker_events,E0672,baseline
exposure_marker_events,E0673,baseline
exposure_marker_events,E0674,baseline
exposure_marker_events,E0675,baseline
exposure_marker_events,E0676,nudge
exposure_marker_events,E0678,nudge
exposure_marker_events,E0679,nudge
exposure_marker_events,E0680,nudge
exposure_marker_events,E0682,nudge
exposure_marker_events,E0683,nudge
exposure_marker_events,E0684,nudge
exposure_marker_events,E0695,baseline
exposure_marker_events,E0696,baseline
exposure_marker_events,E0697,baseline
exposure_marker_events,E0698,baseline
exposure_marker_events,E0699,baseline
exposure_marker_events,E0700,baseline
exposure_marker_events,E0701,baseline
exposure_marker_events,E0702,baseline
exposure_marker_events,E0703,baseline
exposure_marker_events,E0704,baseline
exposure_marker_events,E0705,baseline
exposure_marker_events,E0706,nudge
exposure_marker_events,E0707,nudge
exposure_marker_events,E0708,nudge
exposure_marker_events,E0709,baseline
exposure_marker_events,E0710,nudge
exposure_marker_events,E0711,nudge
exposure_marker_events,E0712,nudge
exposure_marker_events,E0713,nudge
exposure_marker_events,E0714,nudge
exposure_marker_events,E0715,nudge
exposure_marker_events,E0716,nudge
exposure_marker_events,E0718,nudge
exposure_marker_events,E0719,baseline
exposure_marker_events,E0720,baseline
exposure_marker_events,E0721,baseline
exposure_marker_events,E0722,baseline
exposure_marker_events,E0723,baseline
exposure_marker_events,E0724,baseline
exposure_marker_events,E0725,baseline
exposure_marker_events,E0726,baseline
exposure_marker_events,E0727,baseline
exposure_marker_events,E0728,baseline
exposure_marker_events,E0729,baseline
exposure_marker_events,E0730,baseline
exposure_marker_events,E0731,baseline
exposure_marker_events,E0732,nudge
exposure_marker_events,E0733,nudge
exposure_marker_events,E0734,nudge
exposure_marker_events,E0735,nudge
exposure_marker_events,E0736,nudge
exposure_marker_events,E0737,nudge
exposure_marker_events,E0738,nudge
exposure_marker_events,E0739,nudge
exposure_marker_events,E0740,nudge
exposure_marker_events,E0741,nudge
exposure_marker_events,E0752,baseline
exposure_marker_events,E0754,baseline
exposure_marker_events,E0755,baseline
exposure_marker_events,E0756,baseline
exposure_marker_events,E0757,baseline
exposure_marker_events,E0758,baseline
exposure_marker_events,E0759,baseline
exposure_marker_events,E0760,baseline
exposure_marker_events,E0761,baseline
exposure_marker_events,E0762,baseline
exposure_marker_events,E0763,baseline
exposure_marker_events,E0764,baseline
exposure_marker_events,E0765,nudge
exposure_marker_events,E0766,nudge
exposure_marker_events,E0767,nudge
exposure_marker_events,E0768,nudge
exposure_marker_events,E0769,nudge
exposure_marker_events,E0770,nudge
exposure_marker_events,E0771,nudge
exposure_marker_events,E0772,nudge
exposure_marker_events,E0773,nudge
exposure_marker_events,E0774,nudge
exposure_marker_events,E0775,nudge
exposure_marker_events,E0776,nudge
exposure_marker_events,E0777,nudge
exposure_marker_events,E0778,nudge
exposure_marker_events,E0809,baseline
exposure_marker_events,E0811,baseline
exposure_marker_events,E0812,baseline
exposure_marker_events,E0813,baseline
exposure_marker_events,E0814,baseline
exposure_marker_events,E0815,baseline
exposure_marker_events,E0816,baseline
exposure_marker_events,E0817,baseline
exposure_marker_events,E0818,baseline
exposure_marker_events,E0819,baseline
exposure_marker_events,E0820,baseline
exposure_marker_events,E0821,nudge
exposure_marker_events,E0822,nudge
exposure_marker_events,E0823,nudge
exposure_marker_events,E0824,nudge
exposure_marker_events,E0825,nudge
exposure_marker_events,E0826,nudge
exposure_marker_events,E0827,nudge
exposure_marker_events,E0828,nudge
exposure_marker_events,E0829,nudge
exposure_marker_events,E0830,baseline
exposure_marker_events,E0831,baseline
exposure_marker_events,E0832,baseline
exposure_marker_events,E0833,baseline
exposure_marker_events,E0834,baseline
exposure_marker_events,E0835,baseline
exposure_marker_events,E0836,baseline
exposure_marker_events,E0837,baseline
exposure_marker_events,E0838,baseline
exposure_marker_events,E0839,nudge
exposure_marker_events,E0840,nudge
exposure_marker_events,E0841,nudge
exposure_marker_events,E0842,nudge
exposure_marker_events,E0843,nudge
exposure_marker_events,E0844,nudge
exposure_marker_events,E0845,nudge
exposure_marker_events,E0846,baseline
exposure_marker_events,E0847,baseline
exposure_marker_events,E0848,baseline
exposure_marker_events,E0849,baseline
exposure_marker_events,E0850,baseline
exposure_marker_events,E0851,baseline
exposure_marker_events,E0852,baseline
exposure_marker_events,E0853,baseline
exposure_marker_events,E0854,baseline
exposure_marker_events,E0855,baseline
exposure_marker_events,E0856,baseline
exposure_marker_events,E0857,baseline
exposure_marker_events,E0858,baseline
exposure_marker_events,E0859,baseline
exposure_marker_events,E0860,baseline
exposure_marker_events,E0861,baseline
exposure_marker_events,E0862,nudge
exposure_marker_events,E0863,nudge
exposure_marker_events,E0865,baseline
exposure_marker_events,E0866,baseline
exposure_marker_events,E0867,baseline
exposure_marker_events,E0868,baseline
exposure_marker_events,E0869,baseline
exposure_marker_events,E0870,baseline
exposure_marker_events,E0871,baseline
exposure_marker_events,E0872,baseline
exposure_marker_events,E0873,baseline
exposure_marker_events,E0874,baseline
exposure_marker_events,E0875,baseline
exposure_marker_events,E0876,baseline
exposure_marker_events,E0877,baseline
exposure_marker_events,E0878,baseline
exposure_marker_events,E0879,baseline
exposure_marker_events,E0880,baseline
exposure_marker_events,E0881,baseline
exposure_marker_events,E0882,nudge
exposure_marker_events,E0883,nudge
exposure_marker_events,E0884,nudge
exposure_marker_events,E0894,baseline
exposure_marker_events,E0895,baseline
exposure_marker_events,E0896,baseline
exposure_marker_events,E0897,baseline
exposure_marker_events,E0898,baseline
exposure_marker_events,E0899,baseline
exposure_marker_events,E0900,baseline
exposure_marker_events,E0901,nudge
exposure_marker_events,E0902,nudge
exposure_marker_events,E0903,nudge
exposure_marker_events,E0904,nudge
exposure_marker_events,E0912,baseline
exposure_marker_events,E0913,baseline
exposure_marker_events,E0914,baseline
exposure_marker_events,E0915,baseline
exposure_marker_events,E0916,baseline
exposure_marker_events,E0917,baseline
exposure_marker_events,E0918,baseline
exposure_marker_events,E0919,baseline
exposure_marker_events,E0920,baseline
exposure_marker_events,E0921,baseline
exposure_marker_events,E0922,baseline
exposure_marker_events,E0923,baseline
exposure_marker_events,E0924,baseline
exposure_marker_events,E0925,baseline
exposure_marker_events,E0927,baseline
exposure_marker_events,E0928,baseline
exposure_marker_events,E0929,nudge
exposure_marker_events,E0930,nudge
exposure_marker_events,E0931,nudge
exposure_marker_events,E0932,nudge
exposure_marker_events,E0933,nudge
exposure_marker_events,E0934,nudge
exposure_marker_events,E0935,nudge
exposure_marker_events,E0936,nudge
exposure_marker_events,E0937,nudge
exposure_marker_events,E0938,nudge
exposure_marker_events,E0939,nudge
exposure_marker_events,E0940,nudge
exposure_marker_events,E0941,nudge
exposure_marker_events,E0942,nudge
exposure_marker_events,E0943,nudge
exposure_marker_events,E0944,nudge
exposure_marker_events,E0955,baseline
exposure_marker_events,E0956,baseline
exposure_marker_events,E0957,baseline
exposure_marker_events,E0958,baseline
exposure_marker_events,E0959,baseline
exposure_marker_events,E0960,baseline
exposure_marker_events,E0961,baseline
exposure_marker_events,E0962,baseline
exposure_marker_events,E0963,baseline
exposure_marker_events,E0964,baseline
exposure_marker_events,E0965,baseline
exposure_marker_events,E0966,nudge
exposure_marker_events,E0967,nudge
exposure_marker_events,E0968,nudge
exposure_marker_events,E0969,nudge
exposure_marker_events,E0970,nudge
exposure_marker_events,E0971,nudge
exposure_marker_events,E0972,nudge
exposure_marker_events,E0973,nudge
exposure_marker_events,E0986,baseline
exposure_marker_events,E0987,baseline
exposure_marker_events,E0988,baseline
exposure_marker_events,E0989,baseline
exposure_marker_events,E0990,baseline
exposure_marker_events,E0991,baseline
exposure_marker_events,E0992,baseline
exposure_marker_events,E0993,baseline
exposure_marker_events,E0994,baseline
exposure_marker_events,E0995,baseline
exposure_marker_events,E0996,baseline
exposure_marker_events,E0997,nudge
exposure_marker_events,E0998,nudge
exposure_marker_events,E0999,nudge
exposure_marker_events,E1000,nudge
exposure_marker_events,E1011,baseline
exposure_marker_events,E1012,baseline
exposure_marker_events,E1013,baseline
exposure_marker_events,E1014,baseline
exposure_marker_events,E1015,baseline
exposure_marker_events,E1016,baseline
exposure_marker_events,E1017,baseline
exposure_marker_events,E1018,baseline
exposure_marker_events,E1019,baseline
exposure_marker_events,E1020,baseline
exposure_marker_events,E1021,baseline
exposure_marker_events,E1022,baseline
exposure_marker_events,E1023,nudge
exposure_marker_events,E1024,nudge
exposure_marker_events,E1025,nudge
exposure_marker_events,E1026,nudge
exposure_marker_events,E1027,nudge
exposure_marker_events,E1029,nudge
exposure_marker_events,E1030,nudge
exposure_marker_events,E1031,nudge
exposure_marker_events,E1032,nudge
exposure_marker_events,E1033,nudge
exposure_marker_events,E1054,baseline
exposure_marker_events,E1055,baseline
exposure_marker_events,E1056,baseline
exposure_marker_events,E1057,baseline
exposure_marker_events,E1058,baseline
exposure_marker_events,E1059,baseline
exposure_marker_events,E1060,baseline
exposure_marker_events,E1061,baseline
exposure_marker_events,E1062,baseline
exposure_marker_events,E1063,baseline
exposure_marker_events,E1064,baseline
exposure_marker_events,E1065,baseline
exposure_marker_events,E1066,baseline
exposure_marker_events,E1067,nudge
exposure_marker_events,E1068,nudge
exposure_marker_events,E1069,nudge
exposure_marker_events,E1070,nudge
exposure_marker_events,E1071,nudge
exposure_marker_events,E1072,nudge
exposure_marker_events,E1073,baseline
exposure_marker_events,E1074,baseline
exposure_marker_events,E1075,baseline
exposure_marker_events,E1076,baseline
exposure_marker_events,E1077,baseline
exposure_marker_events,E1078,baseline
exposure_marker_events,E1079,baseline
exposure_marker_events,E1080,baseline
exposure_marker_events,E1081,baseline
exposure_marker_events,E1082,baseline
exposure_marker_events,E1083,baseline
exposure_marker_events,E1084,baseline
exposure_marker_events,E1085,baseline
exposure_marker_events,E1086,baseline
exposure_marker_events,E1087,nudge
exposure_marker_events,E1088,nudge
exposure_marker_events,E1089,nudge
exposure_marker_events,E1090,nudge
exposure_marker_events,E1091,nudge
exposure_marker_events,E1092,nudge
exposure_marker_events,E1093,nudge
exposure_marker_events,E1094,nudge
exposure_marker_events,E1095,nudge
exposure_marker_events,E1096,nudge
exposure_marker_events,E1097,nudge
high_load_events,E0004,baseline
high_load_events,E0031,baseline
high_load_events,E0033,nudge
high_load_events,E0034,nudge
high_load_events,E0035,nudge
high_load_events,E0036,nudge
high_load_events,E0040,nudge
high_load_events,E0042,baseline
high_load_events,E0059,baseline
high_load_events,E0060,baseline
high_load_events,E0064,baseline
high_load_events,E0066,baseline
high_load_events,E0067,baseline
high_load_events,E0069,baseline
high_load_events,E0072,baseline
high_load_events,E0073,baseline
high_load_events,E0076,nudge
high_load_events,E0079,nudge
high_load_events,E0081,nudge
high_load_events,E0083,nudge
high_load_events,E0085,nudge
high_load_events,E0086,nudge
high_load_events,E0091,baseline
high_load_events,E0092,baseline
high_load_events,E0093,baseline
high_load_events,E0095,nudge
high_load_events,E0096,nudge
high_load_events,E0099,baseline
high_load_events,E0109,nudge
high_load_events,E0112,baseline
high_load_events,E0117,baseline
high_load_events,E0119,baseline
high_load_events,E0122,baseline
high_load_events,E0130,baseline
high_load_events,E0131,baseline
high_load_events,E0132,baseline
high_load_events,E0136,nudge
high_load_events,E0142,nudge
high_load_events,E0148,baseline
high_load_events,E0152,baseline
high_load_events,E0156,baseline
high_load_events,E0166,nudge
high_load_events,E0168,baseline
high_load_events,E0169,baseline
high_load_events,E0170,baseline
high_load_events,E0178,nudge
high_load_events,E0179,nudge
high_load_events,E0184,nudge
high_load_events,E0186,baseline
high_load_events,E0190,baseline
high_load_events,E0192,baseline
high_load_events,E0194,baseline
high_load_events,E0197,nudge
high_load_events,E0198,nudge
high_load_events,E0199,nudge
high_load_events,E0205,baseline
high_load_events,E0208,nudge
high_load_events,E0213,baseline
high_load_events,E0215,baseline
high_load_events,E0216,baseline
high_load_events,E0217,baseline
high_load_events,E0220,nudge
high_load_events,E0221,nudge
high_load_events,E0223,nudge
high_load_events,E0225,nudge
high_load_events,E0227,nudge
high_load_events,E0236,nudge
high_load_events,E0238,nudge
high_load_events,E0239,nudge
high_load_events,E0262,baseline
high_load_events,E0264,baseline
high_load_events,E0265,baseline
high_load_events,E0266,baseline
high_load_events,E0270,baseline
high_load_events,E0274,baseline
high_load_events,E0275,baseline
high_load_events,E0278,baseline
high_load_events,E0281,baseline
high_load_events,E0285,nudge
high_load_events,E0286,nudge
high_load_events,E0288,nudge
high_load_events,E0290,nudge
high_load_events,E0294,nudge
high_load_events,E0321,baseline
high_load_events,E0322,baseline
high_load_events,E0327,baseline
high_load_events,E0328,baseline
high_load_events,E0329,baseline
high_load_events,E0332,nudge
high_load_events,E0334,nudge
high_load_events,E0339,baseline
high_load_events,E0344,nudge
high_load_events,E0353,baseline
high_load_events,E0356,baseline
high_load_events,E0357,baseline
high_load_events,E0365,baseline
high_load_events,E0366,baseline
high_load_events,E0367,baseline
high_load_events,E0376,nudge
high_load_events,E0377,nudge
high_load_events,E0378,nudge
high_load_events,E0379,nudge
high_load_events,E0381,baseline
high_load_events,E0392,nudge
high_load_events,E0393,nudge
high_load_events,E0395,nudge
high_load_events,E0397,baseline
high_load_events,E0399,baseline
high_load_events,E0400,baseline
high_load_events,E0404,baseline
high_load_events,E0406,baseline
high_load_events,E0408,baseline
high_load_events,E0410,baseline
high_load_events,E0413,baseline
high_load_events,E0420,nudge
high_load_events,E0424,baseline
high_load_events,E0429,baseline
high_load_events,E0430,baseline
high_load_events,E0431,baseline
high_load_events,E0435,nudge
high_load_events,E0437,nudge
high_load_events,E0464,baseline
high_load_events,E0465,baseline
high_load_events,E0467,baseline
high_load_events,E0472,baseline
high_load_events,E0476,baseline
high_load_events,E0479,baseline
high_load_events,E0481,nudge
high_load_events,E0483,nudge
high_load_events,E0487,nudge
high_load_events,E0501,baseline
high_load_events,E0502,baseline
high_load_events,E0503,baseline
high_load_events,E0505,baseline
high_load_events,E0508,baseline
high_load_events,E0510,baseline
high_load_events,E0511,baseline
high_load_events,E0512,nudge
high_load_events,E0519,nudge
high_load_events,E0547,baseline
high_load_events,E0551,baseline
high_load_events,E0552,baseline
high_load_events,E0556,nudge
high_load_events,E0557,nudge
high_load_events,E0574,baseline
high_load_events,E0577,baseline
high_load_events,E0588,baseline
high_load_events,E0590,nudge
high_load_events,E0592,nudge
high_load_events,E0595,baseline
high_load_events,E0596,baseline
high_load_events,E0597,baseline
high_load_events,E0599,baseline
high_load_events,E0600,baseline
high_load_events,E0601,baseline
high_load_events,E0602,baseline
high_load_events,E0603,baseline
high_load_events,E0604,baseline
high_load_events,E0607,baseline
high_load_events,E0608,baseline
high_load_events,E0610,baseline
high_load_events,E0611,nudge
high_load_events,E0612,nudge
high_load_events,E0613,nudge
high_load_events,E0615,nudge
high_load_events,E0616,nudge
high_load_events,E0617,nudge
high_load_events,E0618,nudge
high_load_events,E0619,nudge
high_load_events,E0621,nudge
high_load_events,E0622,nudge
high_load_events,E0623,nudge
high_load_events,E0624,nudge
high_load_events,E0647,baseline
high_load_events,E0648,baseline
high_load_events,E0651,baseline
high_load_events,E0655,nudge
high_load_events,E0656,nudge
high_load_events,E0672,baseline
high_load_events,E0675,baseline
high_load_events,E0676,nudge
high_load_events,E0680,nudge
high_load_events,E0682,nudge
high_load_events,E0684,nudge
high_load_events,E0696,baseline
high_load_events,E0697,baseline
high_load_events,E0701,baseline
high_load_events,E0703,baseline
high_load_events,E0705,baseline
high_load_events,E0707,nudge
high_load_events,E0711,nudge
high_load_events,E0712,nudge
high_load_events,E0714,nudge
high_load_events,E0722,baseline
high_load_events,E0723,baseline
high_load_events,E0725,baseline
high_load_events,E0728,baseline
high_load_events,E0730,baseline
high_load_events,E0731,baseline
high_load_events,E0732,nudge
high_load_events,E0736,nudge
high_load_events,E0739,nudge
high_load_events,E0740,nudge
high_load_events,E0754,baseline
high_load_events,E0761,baseline
high_load_events,E0765,nudge
high_load_events,E0767,nudge
high_load_events,E0774,nudge
high_load_events,E0775,nudge
high_load_events,E0821,nudge
high_load_events,E0827,nudge
high_load_events,E0831,baseline
high_load_events,E0832,baseline
high_load_events,E0833,baseline
high_load_events,E0834,baseline
high_load_events,E0835,baseline
high_load_events,E0843,nudge
high_load_events,E0844,nudge
high_load_events,E0853,baseline
high_load_events,E0867,baseline
high_load_events,E0868,baseline
high_load_events,E0869,baseline
high_load_events,E0872,baseline
high_load_events,E0875,baseline
high_load_events,E0877,baseline
high_load_events,E0895,baseline
high_load_events,E0896,baseline
high_load_events,E0898,baseline
high_load_events,E0899,baseline
high_load_events,E0900,baseline
high_load_events,E0902,nudge
high_load_events,E0913,baseline
high_load_events,E0918,baseline
high_load_events,E0920,baseline
high_load_events,E0922,baseline
high_load_events,E0924,baseline
high_load_events,E0925,baseline
high_load_events,E0931,nudge
high_load_events,E0933,nudge
high_load_events,E0937,nudge
high_load_events,E0938,nudge
high_load_events,E0941,nudge
high_load_events,E0944,nudge
high_load_events,E0966,nudge
high_load_events,E0986,baseline
high_load_events,E0987,baseline
high_load_events,E0988,baseline
high_load_events,E0989,baseline
high_load_events,E0991,baseline
high_load_events,E0993,baseline
high_load_events,E0994,baseline
high_load_events,E0995,baseline
high_load_events,E0996,baseline
high_load_events,E0997,nudge
high_load_events,E0998,nudge
high_load_events,E1000,nudge
high_load_events,E1011,baseline
high_load_events,E1013,baseline
high_load_events,E1015,baseline
high_load_events,E1017,baseline
high_load_events,E1018,baseline
high_load_events,E1023,nudge
high_load_events,E1024,nudge
high_load_events,E1030,nudge
high_load_events,E1032,nudge
high_load_events,E1056,baseline
high_load_events,E1064,baseline
high_load_events,E1069,nudge
high_load_events,E1073,baseline
high_load_events,E1078,baseline
high_load_events,E1080,baseline
high_load_events,E1090,nudge
immediate_only_events,E0002,baseline
immediate_only_events,E0003,baseline
immediate_only_events,E0004,baseline
immediate_only_events,E0005,baseline
immediate_only_events,E0006,baseline
immediate_only_events,E0007,baseline
immediate_only_events,E0008,baseline
immediate_only_events,E0009,baseline
immediate_only_events,E0010,baseline
immediate_only_events,E0011,baseline
immediate_only_events,E0012,baseline
immediate_only_events,E0013,nudge
immediate_only_events,E0015,nudge
immediate_only_events,E0016,nudge
immediate_only_events,E0017,nudge
immediate_only_events,E0018,nudge
immediate_only_events,E0019,nudge
immediate_only_events,E0020,nudge
immediate_only_events,E0021,nudge
immediate_only_events,E0022,nudge
immediate_only_events,E0023,nudge
immediate_only_events,E0025,nudge
immediate_only_events,E0026,nudge
immediate_only_events,E0029,baseline
immediate_only_events,E0031,baseline
immediate_only_events,E0033,nudge
immediate_only_events,E0034,nudge
immediate_only_events,E0035,nudge
immediate_only_events,E0036,nudge
immediate_only_events,E0037,nudge
immediate_only_events,E0038,nudge
immediate_only_events,E0039,nudge
immediate_only_events,E0040,nudge
immediate_only_events,E0041,nudge
immediate_only_events,E0042,baseline
immediate_only_events,E0043,baseline
immediate_only_events,E0044,baseline
immediate_only_events,E0045,baseline
immediate_only_events,E0047,baseline
immediate_only_events,E0048,baseline
immediate_only_events,E0049,baseline
immediate_only_events,E0050,baseline
immediate_only_events,E0053,nudge
immediate_only_events,E0054,nudge
immediate_only_events,E0055,nudge
immediate_only_events,E0056,nudge
immediate_only_events,E0057,nudge
immediate_only_events,E0058,nudge
immediate_only_events,E0061,baseline
immediate_only_events,E0063,baseline
immediate_only_events,E0068,baseline
immediate_only_events,E0070,baseline
immediate_only_events,E0082,nudge
immediate_only_events,E0083,nudge
immediate_only_events,E0084,nudge
immediate_only_events,E0088,baseline
immediate_only_events,E0089,baseline
immediate_only_events,E0090,baseline
immediate_only_events,E0091,baseline
immediate_only_events,E0092,baseline
immediate_only_events,E0094,nudge
immediate_only_events,E0096,nudge
immediate_only_events,E0097,nudge
immediate_only_events,E0098,nudge
immediate_only_events,E0099,baseline
immediate_only_events,E0100,baseline
immediate_only_events,E0101,baseline
immediate_only_events,E0102,baseline
immediate_only_events,E0103,baseline
immediate_only_events,E0104,baseline
immediate_only_events,E0105,baseline
immediate_only_events,E0106,baseline
immediate_only_events,E0107,nudge
immediate_only_events,E0108,nudge
immediate_only_events,E0109,nudge
immediate_only_events,E0110,nudge
immediate_only_events,E0111,baseline
immediate_only_events,E0112,baseline
immediate_only_events,E0114,baseline
immediate_only_events,E0115,baseline
immediate_only_events,E0116,baseline
immediate_only_events,E0118,baseline
immediate_only_events,E0119,baseline
immediate_only_events,E0120,baseline
immediate_only_events,E0121,baseline
immediate_only_events,E0122,baseline
immediate_only_events,E0123,baseline
immediate_only_events,E0124,baseline
immediate_only_events,E0125,baseline
immediate_only_events,E0126,baseline
immediate_only_events,E0127,baseline
immediate_only_events,E0128,baseline
immediate_only_events,E0129,baseline
immediate_only_events,E0132,baseline
immediate_only_events,E0133,baseline
immediate_only_events,E0135,nudge
immediate_only_events,E0138,nudge
immediate_only_events,E0139,nudge
immediate_only_events,E0140,nudge
immediate_only_events,E0144,nudge
immediate_only_events,E0146,nudge
immediate_only_events,E0147,nudge
immediate_only_events,E0149,baseline
immediate_only_events,E0151,baseline
immediate_only_events,E0152,baseline
immediate_only_events,E0153,baseline
immediate_only_events,E0154,baseline
immediate_only_events,E0155,baseline
immediate_only_events,E0156,baseline
immediate_only_events,E0157,baseline
immediate_only_events,E0158,baseline
immediate_only_events,E0159,nudge
immediate_only_events,E0162,nudge
immediate_only_events,E0163,nudge
immediate_only_events,E0164,nudge
immediate_only_events,E0165,nudge
immediate_only_events,E0166,nudge
immediate_only_events,E0167,nudge
immediate_only_events,E0168,baseline
immediate_only_events,E0169,baseline
immediate_only_events,E0170,baseline
immediate_only_events,E0171,baseline
immediate_only_events,E0172,baseline
immediate_only_events,E0173,baseline
immediate_only_events,E0174,baseline
immediate_only_events,E0175,baseline
immediate_only_events,E0176,baseline
immediate_only_events,E0177,nudge
immediate_only_events,E0178,nudge
immediate_only_events,E0179,nudge
immediate_only_events,E0180,nudge
immediate_only_events,E0182,nudge
immediate_only_events,E0183,nudge
immediate_only_events,E0184,nudge
immediate_only_events,E0185,nudge
immediate_only_events,E0186,baseline
immediate_only_events,E0187,baseline
immediate_only_events,E0188,baseline
immediate_only_events,E0189,baseline
immediate_only_events,E0190,baseline
immediate_only_events,E0191,baseline
immediate_only_events,E0192,baseline
immediate_only_events,E0193,baseline
immediate_only_events,E0194,baseline
immediate_only_events,E0195,baseline
immediate_only_events,E0196,nudge
immediate_only_events,E0197,nudge
immediate_only_events,E0198,nudge
immediate_only_events,E0199,nudge
immediate_only_events,E0200,baseline
immediate_only_events,E0203,baseline
immediate_only_events,E0206,baseline
immediate_only_events,E0209,nudge
immediate_only_events,E0215,baseline
immediate_only_events,E0216,baseline
immediate_only_events,E0218,baseline
immediate_only_events,E0219,baseline
immediate_only_events,E0220,nudge
immediate_only_events,E0221,nudge
immediate_only_events,E0222,nudge
immediate_only_events,E0223,nudge
immediate_only_events,E0225,nudge
immediate_only_events,E0227,nudge
immediate_only_events,E0236,nudge
immediate_only_events,E0238,nudge
immediate_only_events,E0239,nudge
immediate_only_events,E0240,nudge
immediate_only_events,E0260,baseline
immediate_only_events,E0261,baseline
immediate_only_events,E0262,baseline
immediate_only_events,E0263,baseline
immediate_only_events,E0265,baseline
immediate_only_events,E0266,baseline
immediate_only_events,E0267,baseline
immediate_only_events,E0268,baseline
immediate_only_events,E0269,baseline
immediate_only_events,E0272,baseline
immediate_only_events,E0273,baseline
immediate_only_events,E0276,baseline
immediate_only_events,E0278,baseline
immediate_only_events,E0279,baseline
immediate_only_events,E0280,baseline
immediate_only_events,E0281,baseline
immediate_only_events,E0282,baseline
immediate_only_events,E0283,nudge
immediate_only_events,E0284,nudge
immediate_only_events,E0289,nudge
immediate_only_events,E0291,nudge
immediate_only_events,E0293,nudge
immediate_only_events,E0295,nudge
immediate_only_events,E0296,nudge
immediate_only_events,E0297,nudge
immediate_only_events,E0320,baseline
immediate_only_events,E0321,baseline
immediate_only_events,E0322,baseline
immediate_only_events,E0323,baseline
immediate_only_events,E0324,baseline
immediate_only_events,E0326,baseline
immediate_only_events,E0327,baseline
immediate_only_events,E0328,baseline
immediate_only_events,E0329,baseline
immediate_only_events,E0330,baseline
immediate_only_events,E0331,baseline
immediate_only_events,E0332,nudge
immediate_only_events,E0333,nudge
immediate_only_events,E0334,nudge
immediate_only_events,E0335,nudge
immediate_only_events,E0336,baseline
immediate_only_events,E0337,baseline
immediate_only_events,E0338,baseline
immediate_only_events,E0339,baseline
immediate_only_events,E0341,baseline
immediate_only_events,E0342,baseline
immediate_only_events,E0343,nudge
immediate_only_events,E0344,nudge
immediate_only_events,E0345,baseline
immediate_only_events,E0346,baseline
immediate_only_events,E0347,baseline
immediate_only_events,E0348,nudge
immediate_only_events,E0349,nudge
immediate_only_events,E0350,nudge
immediate_only_events,E0352,baseline
immediate_only_events,E0357,baseline
immediate_only_events,E0358,baseline
immediate_only_events,E0362,baseline
immediate_only_events,E0367,baseline
immediate_only_events,E0379,nudge
immediate_only_events,E0380,baseline
immediate_only_events,E0381,baseline
immediate_only_events,E0382,baseline
immediate_only_events,E0383,baseline
immediate_only_events,E0384,baseline
immediate_only_events,E0385,baseline
immediate_only_events,E0386,baseline
immediate_only_events,E0387,baseline
immediate_only_events,E0388,baseline
immediate_only_events,E0389,baseline
immediate_only_events,E0390,baseline
immediate_only_events,E0391,nudge
immediate_only_events,E0392,nudge
immediate_only_events,E0393,nudge
immediate_only_events,E0394,nudge
immediate_only_events,E0395,nudge
immediate_only_events,E0396,nudge
immediate_only_events,E0398,baseline
immediate_only_events,E0399,baseline
immediate_only_events,E0400,baseline
immediate_only_events,E0401,baseline
immediate_only_events,E0402,baseline
immediate_only_events,E0403,baseline
immediate_only_events,E0404,baseline
immediate_only_events,E0405,baseline
immediate_only_events,E0409,baseline
immediate_only_events,E0411,baseline
immediate_only_events,E0412,baseline
immediate_only_events,E0414,baseline
immediate_only_events,E0415,nudge
immediate_only_events,E0416,nudge
immediate_only_events,E0417,nudge
immediate_only_events,E0418,nudge
immediate_only_events,E0420,nudge
immediate_only_events,E0421,nudge
immediate_only_events,E0422,baseline
immediate_only_events,E0423,baseline
immediate_only_events,E0424,baseline
immediate_only_events,E0425,baseline
immediate_only_events,E0426,baseline
immediate_only_events,E0427,baseline
immediate_only_events,E0428,baseline
immediate_only_events,E0429,baseline
immediate_only_events,E0430,baseline
immediate_only_events,E0431,baseline
immediate_only_events,E0432,baseline
immediate_only_events,E0433,nudge
immediate_only_events,E0434,nudge
immediate_only_events,E0435,nudge
immediate_only_events,E0436,nudge
immediate_only_events,E0437,nudge
immediate_only_events,E0438,nudge
immediate_only_events,E0462,baseline
immediate_only_events,E0463,baseline
immediate_only_events,E0464,baseline
immediate_only_events,E0465,baseline
immediate_only_events,E0466,baseline
immediate_only_events,E0468,baseline
immediate_only_events,E0470,baseline
immediate_only_events,E0471,baseline
immediate_only_events,E0472,baseline
immediate_only_events,E0473,baseline
immediate_only_events,E0474,baseline
immediate_only_events,E0475,baseline
immediate_only_events,E0477,baseline
immediate_only_events,E0478,baseline
immediate_only_events,E0479,baseline
immediate_only_events,E0480,baseline
immediate_only_events,E0481,nudge
immediate_only_events,E0482,nudge
immediate_only_events,E0483,nudge
immediate_only_events,E0484,nudge
immediate_only_events,E0485,nudge
immediate_only_events,E0486,nudge
immediate_only_events,E0487,nudge
immediate_only_events,E0488,nudge
immediate_only_events,E0489,nudge
immediate_only_events,E0501,baseline
immediate_only_events,E0502,baseline
immediate_only_events,E0503,baseline
immediate_only_events,E0504,baseline
immediate_only_events,E0505,baseline
immediate_only_events,E0506,baseline
immediate_only_events,E0507,baseline
immediate_only_events,E0508,baseline
immediate_only_events,E0509,baseline
immediate_only_events,E0510,baseline
immediate_only_events,E0511,baseline
immediate_only_events,E0512,nudge
immediate_only_events,E0513,nudge
immediate_only_events,E0514,nudge
immediate_only_events,E0517,nudge
immediate_only_events,E0518,nudge
immediate_only_events,E0545,baseline
immediate_only_events,E0546,baseline
immediate_only_events,E0547,baseline
immediate_only_events,E0548,baseline
immediate_only_events,E0549,baseline
immediate_only_events,E0550,baseline
immediate_only_events,E0551,baseline
immediate_only_events,E0552,baseline
immediate_only_events,E0553,baseline
immediate_only_events,E0555,nudge
immediate_only_events,E0556,nudge
immediate_only_events,E0557,nudge
immediate_only_events,E0558,nudge
immediate_only_events,E0568,baseline
immediate_only_events,E0570,baseline
immediate_only_events,E0571,baseline
immediate_only_events,E0572,baseline
immediate_only_events,E0573,baseline
immediate_only_events,E0574,baseline
immediate_only_events,E0575,baseline
immediate_only_events,E0576,baseline
immediate_only_events,E0577,baseline
immediate_only_events,E0578,baseline
immediate_only_events,E0579,baseline
immediate_only_events,E0580,nudge
immediate_only_events,E0581,nudge
immediate_only_events,E0582,nudge
immediate_only_events,E0583,nudge
immediate_only_events,E0584,baseline
immediate_only_events,E0585,baseline
immediate_only_events,E0586,baseline
immediate_only_events,E0587,baseline
immediate_only_events,E0588,baseline
immediate_only_events,E0592,nudge
immediate_only_events,E0593,nudge
immediate_only_events,E0594,baseline
immediate_only_events,E0595,baseline
immediate_only_events,E0596,baseline
immediate_only_events,E0598,baseline
immediate_only_events,E0606,baseline
immediate_only_events,E0608,baseline
immediate_only_events,E0614,nudge
immediate_only_events,E0620,nudge
immediate_only_events,E0622,nudge
immediate_only_events,E0625,nudge
immediate_only_events,E0647,baseline
immediate_only_events,E0648,baseline
immediate_only_events,E0649,baseline
immediate_only_events,E0650,baseline
immediate_only_events,E0651,baseline
immediate_only_events,E0652,baseline
immediate_only_events,E0653,baseline
immediate_only_events,E0654,baseline
immediate_only_events,E0672,baseline
immediate_only_events,E0673,baseline
immediate_only_events,E0674,baseline
immediate_only_events,E0675,baseline
immediate_only_events,E0676,nudge
immediate_only_events,E0678,nudge
immediate_only_events,E0679,nudge
immediate_only_events,E0682,nudge
immediate_only_events,E0683,nudge
immediate_only_events,E0684,nudge
immediate_only_events,E0695,baseline
immediate_only_events,E0696,baseline
immediate_only_events,E0697,baseline
immediate_only_events,E0698,baseline
immediate_only_events,E0699,baseline
immediate_only_events,E0700,baseline
immediate_only_events,E0701,baseline
immediate_only_events,E0702,baseline
immediate_only_events,E0703,baseline
immediate_only_events,E0704,baseline
immediate_only_events,E0705,baseline
immediate_only_events,E0706,nudge
immediate_only_events,E0707,nudge
immediate_only_events,E0708,nudge
immediate_only_events,E0710,nudge
immediate_only_events,E0711,nudge
immediate_only_events,E0712,nudge
immediate_only_events,E0713,nudge
immediate_only_events,E0714,nudge
immediate_only_events,E0715,nudge
immediate_only_events,E0716,nudge
immediate_only_events,E0718,nudge
immediate_only_events,E0719,baseline
immediate_only_events,E0720,baseline
immediate_only_events,E0722,baseline
immediate_only_events,E0723,baseline
immediate_only_events,E0724,baseline
immediate_only_events,E0725,baseline
immediate_only_events,E0726,baseline
immediate_only_events,E0727,baseline
immediate_only_events,E0728,baseline
immediate_only_events,E0729,baseline
immediate_only_events,E0733,nudge
immediate_only_events,E0734,nudge
immediate_only_events,E0735,nudge
immediate_only_events,E0736,nudge
immediate_only_events,E0737,nudge
immediate_only_events,E0738,nudge
immediate_only_events,E0739,nudge
immediate_only_events,E0741,nudge
immediate_only_events,E0752,baseline
immediate_only_events,E0754,baseline
immediate_only_events,E0755,baseline
immediate_only_events,E0756,baseline
immediate_only_events,E0757,baseline
immediate_only_events,E0758,baseline
immediate_only_events,E0761,baseline
immediate_only_events,E0762,baseline
immediate_only_events,E0763,baseline
immediate_only_events,E0766,nudge
immediate_only_events,E0768,nudge
immediate_only_events,E0769,nudge
immediate_only_events,E0770,nudge
immediate_only_events,E0771,nudge
immediate_only_events,E0772,nudge
immediate_only_events,E0773,nudge
immediate_only_events,E0774,nudge
immediate_only_events,E0776,nudge
immediate_only_events,E0778,nudge
immediate_only_events,E0809,baseline
immediate_only_events,E0811,baseline
immediate_only_events,E0812,baseline
immediate_only_events,E0814,baseline
immediate_only_events,E0815,baseline
immediate_only_events,E0816,baseline
immediate_only_events,E0817,baseline
immediate_only_events,E0818,baseline
immediate_only_events,E0819,baseline
immediate_only_events,E0820,baseline
immediate_only_events,E0821,nudge
immediate_only_events,E0822,nudge
immediate_only_events,E0823,nudge
immediate_only_events,E0824,nudge
immediate_only_events,E0825,nudge
immediate_only_events,E0826,nudge
immediate_only_events,E0827,nudge
immediate_only_events,E0828,nudge
immediate_only_events,E0829,nudge
immediate_only_events,E0830,baseline
immediate_only_events,E0833,baseline
immediate_only_events,E0834,baseline
immediate_only_events,E0835,baseline
immediate_only_events,E0836,baseline
immediate_only_events,E0837,baseline
immediate_only_events,E0838,baseline
immediate_only_events,E0839,nudge
immediate_only_events,E0840,nudge
immediate_only_events,E0841,nudge
immediate_only_events,E0842,nudge
immediate_only_events,E0845,nudge
immediate_only_events,E0846,baseline
immediate_only_events,E0847,baseline
immediate_only_events,E0848,baseline
immediate_only_events,E0849,baseline
immediate_only_events,E0850,baseline
immediate_only_events,E0851,baseline
immediate_only_events,E0852,baseline
immediate_only_events,E0853,baseline
immediate_only_events,E0854,baseline
immediate_only_events,E0855,baseline
immediate_only_events,E0856,baseline
immediate_only_events,E0858,baseline
immediate_only_events,E0859,baseline
immediate_only_events,E0860,baseline
immediate_only_events,E0863,nudge
immediate_only_events,E0865,baseline
immediate_only_events,E0866,baseline
immediate_only_events,E0867,baseline
immediate_only_events,E0868,baseline
immediate_only_events,E0870,baseline
immediate_only_events,E0871,baseline
immediate_only_events,E0876,baseline
immediate_only_events,E0877,baseline
immediate_only_events,E0879,baseline
immediate_only_events,E0884,nudge
immediate_only_events,E0894,baseline
immediate_only_events,E0895,baseline
immediate_only_events,E0896,baseline
immediate_only_events,E0897,baseline
immediate_only_events,E0898,baseline
immediate_only_events,E0899,baseline
immediate_only_events,E0900,baseline
immediate_only_events,E0901,nudge
immediate_only_events,E0902,nudge
immediate_only_events,E0903,nudge
immediate_only_events,E0904,nudge
immediate_only_events,E0912,baseline
immediate_only_events,E0914,baseline
immediate_only_events,E0915,baseline
immediate_only_events,E0916,baseline
immediate_only_events,E0917,baseline
immediate_only_events,E0920,baseline
immediate_only_events,E0921,baseline
immediate_only_events,E0923,baseline
immediate_only_events,E0924,baseline
immediate_only_events,E0925,baseline
immediate_only_events,E0927,baseline
immediate_only_events,E0928,baseline
immediate_only_events,E0929,nudge
immediate_only_events,E0930,nudge
immediate_only_events,E0931,nudge
immediate_only_events,E0932,nudge
immediate_only_events,E0933,nudge
immediate_only_events,E0934,nudge
immediate_only_events,E0935,nudge
immediate_only_events,E0936,nudge
immediate_only_events,E0937,nudge
immediate_only_events,E0938,nudge
immediate_only_events,E0939,nudge
immediate_only_events,E0940,nudge
immediate_only_events,E0941,nudge
immediate_only_events,E0942,nudge
immediate_only_events,E0943,nudge
immediate_only_events,E0944,nudge
immediate_only_events,E0955,baseline
immediate_only_events,E0957,baseline
immediate_only_events,E0958,baseline
immediate_only_events,E0959,baseline
immediate_only_events,E0960,baseline
immediate_only_events,E0961,baseline
immediate_only_events,E0963,baseline
immediate_only_events,E0964,baseline
immediate_only_events,E0966,nudge
immediate_only_events,E0967,nudge
immediate_only_events,E0969,nudge
immediate_only_events,E0970,nudge
immediate_only_events,E0971,nudge
immediate_only_events,E0972,nudge
immediate_only_events,E0973,nudge
immediate_only_events,E0986,baseline
immediate_only_events,E0987,baseline
immediate_only_events,E0988,baseline
immediate_only_events,E0989,baseline
immediate_only_events,E0990,baseline
immediate_only_events,E0992,baseline
immediate_only_events,E0994,baseline
immediate_only_events,E0995,baseline
immediate_only_events,E0996,baseline
immediate_only_events,E0997,nudge
immediate_only_events,E0998,nudge
immediate_only_events,E0999,nudge
immediate_only_events,E1013,baseline
immediate_only_events,E1027,nudge
immediate_only_events,E1029,nudge
immediate_only_events,E1030,nudge
immediate_only_events,E1055,baseline
immediate_only_events,E1056,baseline
immediate_only_events,E1057,baseline
immediate_only_events,E1060,baseline
immediate_only_events,E1063,baseline
immediate_only_events,E1064,baseline
immediate_only_events,E1065,baseline
immediate_only_events,E1068,nudge
immediate_only_events,E1070,nudge
immediate_only_events,E1071,nudge
immediate_only_events,E1072,nudge
immediate_only_events,E1073,baseline
immediate_only_events,E1074,baseline
immediate_only_events,E1075,baseline
immediate_only_events,E1076,baseline
immediate_only_events,E1077,baseline
immediate_only_events,E1078,baseline
immediate_only_events,E1079,baseline
immediate_only_events,E1080,baseline
immediate_only_events,E1081,baseline
immediate_only_events,E1082,baseline
immediate_only_events,E1083,baseline
immediate_only_events,E1084,baseline
immediate_only_events,E1085,baseline
immediate_only_events,E1086,baseline
immediate_only_events,E1087,nudge
immediate_only_events,E1088,nudge
immediate_only_events,E1089,nudge
immediate_only_events,E1090,nudge
immediate_only_events,E1091,nudge
immediate_only_events,E1092,nudge
immediate_only_events,E1093,nudge
immediate_only_events,E1094,nudge
immediate_only_events,E1095,nudge
immediate_only_events,E1096,nudge
immediate_only_events,E1097,nudge
incomplete_followup_events,E0241,baseline
incomplete_followup_events,E0242,baseline
incomplete_followup_events,E0243,baseline
incomplete_followup_events,E0244,baseline
incomplete_followup_events,E0245,baseline
incomplete_followup_events,E0246,baseline
incomplete_followup_events,E1001,baseline
incomplete_followup_events,E1002,baseline
incomplete_followup_events,E1003,baseline
incomplete_followup_events,E1004,baseline
incomplete_followup_events,E1005,baseline
incomplete_followup_events,E1006,baseline
incomplete_followup_events,E1007,baseline
incomplete_followup_events,E1008,baseline
incomplete_followup_events,E1009,nudge
incomplete_followup_events,E1010,nudge
incomplete_followup_events,E1098,baseline
incomplete_followup_events,E1099,baseline
incomplete_followup_events,E1100,baseline
incomplete_followup_events,E1101,baseline
incomplete_followup_events,E1102,baseline
incomplete_followup_events,E1103,baseline
incomplete_followup_events,E1104,baseline
incomplete_followup_events,E1105,baseline
incomplete_followup_events,E1106,baseline
incomplete_followup_events,E1107,baseline
incomplete_followup_events,E1108,nudge
incomplete_followup_events,E1109,nudge
incomplete_followup_events,E1110,nudge
incomplete_followup_events,E1111,nudge
incomplete_followup_events,E1112,nudge
incomplete_followup_events,E1113,nudge
incomplete_followup_events,E1114,nudge
primary_events,E0002,baseline
primary_events,E0003,baseline
primary_events,E0004,baseline
primary_events,E0005,baseline
primary_events,E0006,baseline
primary_events,E0007,baseline
primary_events,E0008,baseline
primary_events,E0009,baseline
primary_events,E0010,baseline
primary_events,E0011,baseline
primary_events,E0012,baseline
primary_events,E0013,nudge
primary_events,E0014,nudge
primary_events,E0015,nudge
primary_events,E0016,nudge
primary_events,E0017,nudge
primary_events,E0018,nudge
primary_events,E0019,nudge
primary_events,E0020,nudge
primary_events,E0021,nudge
primary_events,E0022,nudge
primary_events,E0023,nudge
primary_events,E0024,nudge
primary_events,E0025,nudge
primary_events,E0026,nudge
primary_events,E0029,baseline
primary_events,E0031,baseline
primary_events,E0032,baseline
primary_events,E0033,nudge
primary_events,E0034,nudge
primary_events,E0035,nudge
primary_events,E0036,nudge
primary_events,E0037,nudge
primary_events,E0038,nudge
primary_events,E0039,nudge
primary_events,E0040,nudge
primary_events,E0041,nudge
primary_events,E0042,baseline
primary_events,E0043,baseline
primary_events,E0044,baseline
primary_events,E0045,baseline
primary_events,E0047,baseline
primary_events,E0048,baseline
primary_events,E0049,baseline
primary_events,E0050,baseline
primary_events,E0051,baseline
primary_events,E0052,nudge
primary_events,E0053,nudge
primary_events,E0054,nudge
primary_events,E0055,nudge
primary_events,E0056,nudge
primary_events,E0057,nudge
primary_events,E0058,nudge
primary_events,E0059,baseline
primary_events,E0060,baseline
primary_events,E0061,baseline
primary_events,E0063,baseline
primary_events,E0064,baseline
primary_events,E0065,baseline
primary_events,E0066,baseline
primary_events,E0067,baseline
primary_events,E0068,baseline
primary_events,E0069,baseline
primary_events,E0070,baseline
primary_events,E0071,baseline
primary_events,E0072,baseline
primary_events,E0073,baseline
primary_events,E0074,baseline
primary_events,E0075,nudge
primary_events,E0076,nudge
primary_events,E0077,nudge
primary_events,E0078,nudge
primary_events,E0079,nudge
primary_events,E0080,nudge
primary_events,E0081,nudge
primary_events,E0082,nudge
primary_events,E0083,nudge
primary_events,E0084,nudge
primary_events,E0085,nudge
primary_events,E0086,nudge
primary_events,E0087,nudge
primary_events,E0088,baseline
primary_events,E0089,baseline
primary_events,E0090,baseline
primary_events,E0091,baseline
primary_events,E0092,baseline
primary_events,E0093,baseline
primary_events,E0094,nudge
primary_events,E0095,nudge
primary_events,E0096,nudge
primary_events,E0097,nudge
primary_events,E0098,nudge
primary_events,E0099,baseline
primary_events,E0100,baseline
primary_events,E0101,baseline
primary_events,E0102,baseline
primary_events,E0103,baseline
primary_events,E0104,baseline
primary_events,E0105,baseline
primary_events,E0106,baseline
primary_events,E0107,nudge
primary_events,E0108,nudge
primary_events,E0109,nudge
primary_events,E0110,nudge
primary_events,E0111,baseline
primary_events,E0112,baseline
primary_events,E0113,baseline
primary_events,E0114,baseline
primary_events,E0115,baseline
primary_events,E0116,baseline
primary_events,E0117,baseline
primary_events,E0118,baseline
primary_events,E0119,baseline
primary_events,E0120,baseline
primary_events,E0121,baseline
primary_events,E0122,baseline
primary_events,E0123,baseline
primary_events,E0124,baseline
primary_events,E0125,baseline
primary_events,E0126,baseline
primary_events,E0127,baseline
primary_events,E0128,baseline
primary_events,E0129,baseline
primary_events,E0130,baseline
primary_events,E0131,baseline
primary_events,E0132,baseline
primary_events,E0133,baseline
primary_events,E0134,nudge
primary_events,E0135,nudge
primary_events,E0136,nudge
primary_events,E0137,nudge
primary_events,E0138,nudge
primary_events,E0139,nudge
primary_events,E0140,nudge
primary_events,E0141,nudge
primary_events,E0142,nudge
primary_events,E0143,nudge
primary_events,E0144,nudge
primary_events,E0145,nudge
primary_events,E0146,nudge
primary_events,E0147,nudge
primary_events,E0148,baseline
primary_events,E0149,baseline
primary_events,E0150,baseline
primary_events,E0151,baseline
primary_events,E0152,baseline
primary_events,E0153,baseline
primary_events,E0154,baseline
primary_events,E0155,baseline
primary_events,E0156,baseline
primary_events,E0157,baseline
primary_events,E0158,baseline
primary_events,E0159,nudge
primary_events,E0160,nudge
primary_events,E0161,nudge
primary_events,E0162,nudge
primary_events,E0163,nudge
primary_events,E0164,nudge
primary_events,E0165,nudge
primary_events,E0166,nudge
primary_events,E0167,nudge
primary_events,E0168,baseline
primary_events,E0169,baseline
primary_events,E0170,baseline
primary_events,E0171,baseline
primary_events,E0172,baseline
primary_events,E0173,baseline
primary_events,E0174,baseline
primary_events,E0175,baseline
primary_events,E0176,baseline
primary_events,E0177,nudge
primary_events,E0178,nudge
primary_events,E0179,nudge
primary_events,E0180,nudge
primary_events,E0182,nudge
primary_events,E0183,nudge
primary_events,E0184,nudge
primary_events,E0185,nudge
primary_events,E0186,baseline
primary_events,E0187,baseline
primary_events,E0188,baseline
primary_events,E0189,baseline
primary_events,E0190,baseline
primary_events,E0191,baseline
primary_events,E0192,baseline
primary_events,E0193,baseline
primary_events,E0194,baseline
primary_events,E0195,baseline
primary_events,E0196,nudge
primary_events,E0197,nudge
primary_events,E0198,nudge
primary_events,E0199,nudge
primary_events,E0200,baseline
primary_events,E0201,baseline
primary_events,E0202,baseline
primary_events,E0203,baseline
primary_events,E0204,baseline
primary_events,E0205,baseline
primary_events,E0206,baseline
primary_events,E0207,nudge
primary_events,E0208,nudge
primary_events,E0209,nudge
primary_events,E0210,nudge
primary_events,E0211,nudge
primary_events,E0212,baseline
primary_events,E0213,baseline
primary_events,E0214,baseline
primary_events,E0215,baseline
primary_events,E0216,baseline
primary_events,E0217,baseline
primary_events,E0218,baseline
primary_events,E0219,baseline
primary_events,E0220,nudge
primary_events,E0221,nudge
primary_events,E0222,nudge
primary_events,E0223,nudge
primary_events,E0225,nudge
primary_events,E0227,nudge
primary_events,E0236,nudge
primary_events,E0238,nudge
primary_events,E0239,nudge
primary_events,E0240,nudge
primary_events,E0260,baseline
primary_events,E0261,baseline
primary_events,E0262,baseline
primary_events,E0263,baseline
primary_events,E0264,baseline
primary_events,E0265,baseline
primary_events,E0266,baseline
primary_events,E0267,baseline
primary_events,E0268,baseline
primary_events,E0269,baseline
primary_events,E0270,baseline
primary_events,E0271,baseline
primary_events,E0272,baseline
primary_events,E0273,baseline
primary_events,E0274,baseline
primary_events,E0275,baseline
primary_events,E0276,baseline
primary_events,E0277,baseline
primary_events,E0278,baseline
primary_events,E0279,baseline
primary_events,E0280,baseline
primary_events,E0281,baseline
primary_events,E0282,baseline
primary_events,E0283,nudge
primary_events,E0284,nudge
primary_events,E0285,nudge
primary_events,E0286,nudge
primary_events,E0287,nudge
primary_events,E0288,nudge
primary_events,E0289,nudge
primary_events,E0290,nudge
primary_events,E0291,nudge
primary_events,E0292,nudge
primary_events,E0293,nudge
primary_events,E0294,nudge
primary_events,E0295,nudge
primary_events,E0296,nudge
primary_events,E0297,nudge
primary_events,E0320,baseline
primary_events,E0321,baseline
primary_events,E0322,baseline
primary_events,E0323,baseline
primary_events,E0324,baseline
primary_events,E0326,baseline
primary_events,E0327,baseline
primary_events,E0328,baseline
primary_events,E0329,baseline
primary_events,E0330,baseline
primary_events,E0331,baseline
primary_events,E0332,nudge
primary_events,E0333,nudge
primary_events,E0334,nudge
primary_events,E0335,nudge
primary_events,E0336,baseline
primary_events,E0337,baseline
primary_events,E0338,baseline
primary_events,E0339,baseline
primary_events,E0341,baseline
primary_events,E0342,baseline
primary_events,E0343,nudge
primary_events,E0344,nudge
primary_events,E0345,baseline
primary_events,E0346,baseline
primary_events,E0347,baseline
primary_events,E0348,nudge
primary_events,E0349,nudge
primary_events,E0350,nudge
primary_events,E0352,baseline
primary_events,E0353,baseline
primary_events,E0354,baseline
primary_events,E0355,baseline
primary_events,E0356,baseline
primary_events,E0357,baseline
primary_events,E0358,baseline
primary_events,E0361,baseline
primary_events,E0362,baseline
primary_events,E0363,baseline
primary_events,E0364,baseline
primary_events,E0365,baseline
primary_events,E0366,baseline
primary_events,E0367,baseline
primary_events,E0368,nudge
primary_events,E0369,nudge
primary_events,E0370,nudge
primary_events,E0371,nudge
primary_events,E0372,nudge
primary_events,E0373,nudge
primary_events,E0374,nudge
primary_events,E0375,nudge
primary_events,E0376,nudge
primary_events,E0377,nudge
primary_events,E0378,nudge
primary_events,E0379,nudge
primary_events,E0380,baseline
primary_events,E0381,baseline
primary_events,E0382,baseline
primary_events,E0383,baseline
primary_events,E0384,baseline
primary_events,E0385,baseline
primary_events,E0386,baseline
primary_events,E0387,baseline
primary_events,E0388,baseline
primary_events,E0389,baseline
primary_events,E0390,baseline
primary_events,E0391,nudge
primary_events,E0392,nudge
primary_events,E0393,nudge
primary_events,E0394,nudge
primary_events,E0395,nudge
primary_events,E0396,nudge
primary_events,E0397,baseline
primary_events,E0398,baseline
primary_events,E0399,baseline
primary_events,E0400,baseline
primary_events,E0401,baseline
primary_events,E0402,baseline
primary_events,E0403,baseline
primary_events,E0404,baseline
primary_events,E0405,baseline
primary_events,E0406,baseline
primary_events,E0407,baseline
primary_events,E0408,baseline
primary_events,E0409,baseline
primary_events,E0410,baseline
primary_events,E0411,baseline
primary_events,E0412,baseline
primary_events,E0413,baseline
primary_events,E0414,baseline
primary_events,E0415,nudge
primary_events,E0416,nudge
primary_events,E0417,nudge
primary_events,E0418,nudge
primary_events,E0420,nudge
primary_events,E0421,nudge
primary_events,E0422,baseline
primary_events,E0423,baseline
primary_events,E0424,baseline
primary_events,E0425,baseline
primary_events,E0426,baseline
primary_events,E0427,baseline
primary_events,E0428,baseline
primary_events,E0429,baseline
primary_events,E0430,baseline
primary_events,E0431,baseline
primary_events,E0432,baseline
primary_events,E0433,nudge
primary_events,E0434,nudge
primary_events,E0435,nudge
primary_events,E0436,nudge
primary_events,E0437,nudge
primary_events,E0438,nudge
primary_events,E0462,baseline
primary_events,E0463,baseline
primary_events,E0464,baseline
primary_events,E0465,baseline
primary_events,E0466,baseline
primary_events,E0467,baseline
primary_events,E0468,baseline
primary_events,E0469,baseline
primary_events,E0470,baseline
primary_events,E0471,baseline
primary_events,E0472,baseline
primary_events,E0473,baseline
primary_events,E0474,baseline
primary_events,E0475,baseline
primary_events,E0476,baseline
primary_events,E0477,baseline
primary_events,E0478,baseline
primary_events,E0479,baseline
primary_events,E0480,baseline
primary_events,E0481,nudge
primary_events,E0482,nudge
primary_events,E0483,nudge
primary_events,E0484,nudge
primary_events,E0485,nudge
primary_events,E0486,nudge
primary_events,E0487,nudge
primary_events,E0488,nudge
primary_events,E0489,nudge
primary_events,E0501,baseline
primary_events,E0502,baseline
primary_events,E0503,baseline
primary_events,E0504,baseline
primary_events,E0505,baseline
primary_events,E0506,baseline
primary_events,E0507,baseline
primary_events,E0508,baseline
primary_events,E0509,baseline
primary_events,E0510,baseline
primary_events,E0511,baseline
primary_events,E0512,nudge
primary_events,E0513,nudge
primary_events,E0514,nudge
primary_events,E0515,nudge
primary_events,E0516,nudge
primary_events,E0517,nudge
primary_events,E0518,nudge
primary_events,E0519,nudge
primary_events,E0545,baseline
primary_events,E0546,baseline
primary_events,E0547,baseline
primary_events,E0548,baseline
primary_events,E0549,baseline
primary_events,E0550,baseline
primary_events,E0551,baseline
primary_events,E0552,baseline
primary_events,E0553,baseline
primary_events,E0555,nudge
primary_events,E0556,nudge
primary_events,E0557,nudge
primary_events,E0558,nudge
primary_events,E0568,baseline
primary_events,E0570,baseline
primary_events,E0571,baseline
primary_events,E0572,baseline
primary_events,E0573,baseline
primary_events,E0574,baseline
primary_events,E0575,baseline
primary_events,E0576,baseline
primary_events,E0577,baseline
primary_events,E0578,baseline
primary_events,E0579,baseline
primary_events,E0580,nudge
primary_events,E0581,nudge
primary_events,E0582,nudge
primary_events,E0583,nudge
primary_events,E0584,baseline
primary_events,E0585,baseline
primary_events,E0586,baseline
primary_events,E0587,baseline
primary_events,E0588,baseline
primary_events,E0589,nudge
primary_events,E0590,nudge
primary_events,E0591,nudge
primary_events,E0592,nudge
primary_events,E0593,nudge
primary_events,E0594,baseline
primary_events,E0595,baseline
primary_events,E0596,baseline
primary_events,E0597,baseline
primary_events,E0598,baseline
primary_events,E0599,baseline
primary_events,E0600,baseline
primary_events,E0601,baseline
primary_events,E0602,baseline
primary_events,E0603,baseline
primary_events,E0604,baseline
primary_events,E0605,baseline
primary_events,E0606,baseline
primary_events,E0607,baseline
primary_events,E0608,baseline
primary_events,E0609,baseline
primary_events,E0610,baseline
primary_events,E0611,nudge
primary_events,E0612,nudge
primary_events,E0613,nudge
primary_events,E0614,nudge
primary_events,E0615,nudge
primary_events,E0616,nudge
primary_events,E0617,nudge
primary_events,E0618,nudge
primary_events,E0619,nudge
primary_events,E0620,nudge
primary_events,E0621,nudge
primary_events,E0622,nudge
primary_events,E0623,nudge
primary_events,E0624,nudge
primary_events,E0625,nudge
primary_events,E0647,baseline
primary_events,E0648,baseline
primary_events,E0649,baseline
primary_events,E0650,baseline
primary_events,E0651,baseline
primary_events,E0652,baseline
primary_events,E0653,baseline
primary_events,E0654,baseline
primary_events,E0655,nudge
primary_events,E0656,nudge
primary_events,E0657,nudge
primary_events,E0658,nudge
primary_events,E0672,baseline
primary_events,E0673,baseline
primary_events,E0674,baseline
primary_events,E0675,baseline
primary_events,E0676,nudge
primary_events,E0678,nudge
primary_events,E0679,nudge
primary_events,E0680,nudge
primary_events,E0682,nudge
primary_events,E0683,nudge
primary_events,E0684,nudge
primary_events,E0695,baseline
primary_events,E0696,baseline
primary_events,E0697,baseline
primary_events,E0698,baseline
primary_events,E0699,baseline
primary_events,E0700,baseline
primary_events,E0701,baseline
primary_events,E0702,baseline
primary_events,E0703,baseline
primary_events,E0704,baseline
primary_events,E0705,baseline
primary_events,E0706,nudge
primary_events,E0707,nudge
primary_events,E0708,nudge
primary_events,E0709,nudge
primary_events,E0710,nudge
primary_events,E0711,nudge
primary_events,E0712,nudge
primary_events,E0713,nudge
primary_events,E0714,nudge
primary_events,E0715,nudge
primary_events,E0716,nudge
primary_events,E0718,nudge
primary_events,E0719,baseline
primary_events,E0720,baseline
primary_events,E0721,baseline
primary_events,E0722,baseline
primary_events,E0723,baseline
primary_events,E0724,baseline
primary_events,E0725,baseline
primary_events,E0726,baseline
primary_events,E0727,baseline
primary_events,E0728,baseline
primary_events,E0729,baseline
primary_events,E0730,baseline
primary_events,E0731,baseline
primary_events,E0732,nudge
primary_events,E0733,nudge
primary_events,E0734,nudge
primary_events,E0735,nudge
primary_events,E0736,nudge
primary_events,E0737,nudge
primary_events,E0738,nudge
primary_events,E0739,nudge
primary_events,E0740,nudge
primary_events,E0741,nudge
primary_events,E0752,baseline
primary_events,E0754,baseline
primary_events,E0755,baseline
primary_events,E0756,baseline
primary_events,E0757,baseline
primary_events,E0758,baseline
primary_events,E0759,baseline
primary_events,E0760,baseline
primary_events,E0761,baseline
primary_events,E0762,baseline
primary_events,E0763,baseline
primary_events,E0764,baseline
primary_events,E0765,nudge
primary_events,E0766,nudge
primary_events,E0767,nudge
primary_events,E0768,nudge
primary_events,E0769,nudge
primary_events,E0770,nudge
primary_events,E0771,nudge
primary_events,E0772,nudge
primary_events,E0773,nudge
primary_events,E0774,nudge
primary_events,E0775,nudge
primary_events,E0776,nudge
primary_events,E0777,nudge
primary_events,E0778,nudge
primary_events,E0809,baseline
primary_events,E0811,baseline
primary_events,E0812,baseline
primary_events,E0813,baseline
primary_events,E0814,baseline
primary_events,E0815,baseline
primary_events,E0816,baseline
primary_events,E0817,baseline
primary_events,E0818,baseline
primary_events,E0819,baseline
primary_events,E0820,baseline
primary_events,E0821,nudge
primary_events,E0822,nudge
primary_events,E0823,nudge
primary_events,E0824,nudge
primary_events,E0825,nudge
primary_events,E0826,nudge
primary_events,E0827,nudge
primary_events,E0828,nudge
primary_events,E0829,nudge
primary_events,E0830,baseline
primary_events,E0831,baseline
primary_events,E0832,baseline
primary_events,E0833,baseline
primary_events,E0834,baseline
primary_events,E0835,baseline
primary_events,E0836,baseline
primary_events,E0837,baseline
primary_events,E0838,baseline
primary_events,E0839,nudge
primary_events,E0840,nudge
primary_events,E0841,nudge
primary_events,E0842,nudge
primary_events,E0843,nudge
primary_events,E0844,nudge
primary_events,E0845,nudge
primary_events,E0846,baseline
primary_events,E0847,baseline
primary_events,E0848,baseline
primary_events,E0849,baseline
primary_events,E0850,baseline
primary_events,E0851,baseline
primary_events,E0852,baseline
primary_events,E0853,baseline
primary_events,E0854,baseline
primary_events,E0855,baseline
primary_events,E0856,baseline
primary_events,E0857,baseline
primary_events,E0858,baseline
primary_events,E0859,baseline
primary_events,E0860,baseline
primary_events,E0861,nudge
primary_events,E0862,nudge
primary_events,E0863,nudge
primary_events,E0865,baseline
primary_events,E0866,baseline
primary_events,E0867,baseline
primary_events,E0868,baseline
primary_events,E0869,baseline
primary_events,E0870,baseline
primary_events,E0871,baseline
primary_events,E0872,baseline
primary_events,E0873,baseline
primary_events,E0874,baseline
primary_events,E0875,baseline
primary_events,E0876,baseline
primary_events,E0877,baseline
primary_events,E0878,baseline
primary_events,E0879,baseline
primary_events,E0880,nudge
primary_events,E0881,nudge
primary_events,E0882,nudge
primary_events,E0883,nudge
primary_events,E0884,nudge
primary_events,E0894,baseline
primary_events,E0895,baseline
primary_events,E0896,baseline
primary_events,E0897,baseline
primary_events,E0898,baseline
primary_events,E0899,baseline
primary_events,E0900,baseline
primary_events,E0901,nudge
primary_events,E0902,nudge
primary_events,E0903,nudge
primary_events,E0904,nudge
primary_events,E0912,baseline
primary_events,E0913,baseline
primary_events,E0914,baseline
primary_events,E0915,baseline
primary_events,E0916,baseline
primary_events,E0917,baseline
primary_events,E0918,baseline
primary_events,E0919,baseline
primary_events,E0920,baseline
primary_events,E0921,baseline
primary_events,E0922,baseline
primary_events,E0923,baseline
primary_events,E0924,baseline
primary_events,E0925,baseline
primary_events,E0927,baseline
primary_events,E0928,baseline
primary_events,E0929,nudge
primary_events,E0930,nudge
primary_events,E0931,nudge
primary_events,E0932,nudge
primary_events,E0933,nudge
primary_events,E0934,nudge
primary_events,E0935,nudge
primary_events,E0936,nudge
primary_events,E0937,nudge
primary_events,E0938,nudge
primary_events,E0939,nudge
primary_events,E0940,nudge
primary_events,E0941,nudge
primary_events,E0942,nudge
primary_events,E0943,nudge
primary_events,E0944,nudge
primary_events,E0955,baseline
primary_events,E0956,baseline
primary_events,E0957,baseline
primary_events,E0958,baseline
primary_events,E0959,baseline
primary_events,E0960,baseline
primary_events,E0961,baseline
primary_events,E0962,baseline
primary_events,E0963,baseline
primary_events,E0964,baseline
primary_events,E0965,nudge
primary_events,E0966,nudge
primary_events,E0967,nudge
primary_events,E0968,nudge
primary_events,E0969,nudge
primary_events,E0970,nudge
primary_events,E0971,nudge
primary_events,E0972,nudge
primary_events,E0973,nudge
primary_events,E0986,baseline
primary_events,E0987,baseline
primary_events,E0988,baseline
primary_events,E0989,baseline
primary_events,E0990,baseline
primary_events,E0991,baseline
primary_events,E0992,baseline
primary_events,E0993,baseline
primary_events,E0994,baseline
primary_events,E0995,baseline
primary_events,E0996,baseline
primary_events,E0997,nudge
primary_events,E0998,nudge
primary_events,E0999,nudge
primary_events,E1000,nudge
primary_events,E1011,baseline
primary_events,E1012,baseline
primary_events,E1013,baseline
primary_events,E1014,baseline
primary_events,E1015,baseline
primary_events,E1016,baseline
primary_events,E1017,baseline
primary_events,E1018,baseline
primary_events,E1019,baseline
primary_events,E1020,baseline
primary_events,E1021,baseline
primary_events,E1022,nudge
primary_events,E1023,nudge
primary_events,E1024,nudge
primary_events,E1025,nudge
primary_events,E1026,nudge
primary_events,E1027,nudge
primary_events,E1029,nudge
primary_events,E1030,nudge
primary_events,E1031,nudge
primary_events,E1032,nudge
primary_events,E1033,nudge
primary_events,E1054,baseline
primary_events,E1055,baseline
primary_events,E1056,baseline
primary_events,E1057,baseline
primary_events,E1058,baseline
primary_events,E1059,baseline
primary_events,E1060,baseline
primary_events,E1061,baseline
primary_events,E1062,baseline
primary_events,E1063,baseline
primary_events,E1064,baseline
primary_events,E1065,baseline
primary_events,E1066,nudge
primary_events,E1067,nudge
primary_events,E1068,nudge
primary_events,E1069,nudge
primary_events,E1070,nudge
primary_events,E1071,nudge
primary_events,E1072,nudge
primary_events,E1073,baseline
primary_events,E1074,baseline
primary_events,E1075,baseline
primary_events,E1076,baseline
primary_events,E1077,baseline
primary_events,E1078,baseline
primary_events,E1079,baseline
primary_events,E1080,baseline
primary_events,E1081,baseline
primary_events,E1082,baseline
primary_events,E1083,baseline
primary_events,E1084,baseline
primary_events,E1085,baseline
primary_events,E1086,baseline
primary_events,E1087,nudge
primary_events,E1088,nudge
primary_events,E1089,nudge
primary_events,E1090,nudge
primary_events,E1091,nudge
primary_events,E1092,nudge
primary_events,E1093,nudge
primary_events,E1094,nudge
primary_events,E1095,nudge
primary_events,E1096,nudge
primary_events,E1097,nudge
primary_events_incl_rewritten,E0002,baseline
primary_events_incl_rewritten,E0003,baseline
primary_events_incl_rewritten,E0004,baseline
primary_events_incl_rewritten,E0005,baseline
primary_events_incl_rewritten,E0006,baseline
primary_events_incl_rewritten,E0007,baseline
primary_events_incl_rewritten,E0008,baseline
primary_events_incl_rewritten,E0009,baseline
primary_events_incl_rewritten,E0010,baseline
primary_events_incl_rewritten,E0011,baseline
primary_events_incl_rewritten,E0012,baseline
primary_events_incl_rewritten,E0013,nudge
primary_events_incl_rewritten,E0014,nudge
primary_events_incl_rewritten,E0015,nudge
primary_events_incl_rewritten,E0016,nudge
primary_events_incl_rewritten,E0017,nudge
primary_events_incl_rewritten,E0018,nudge
primary_events_incl_rewritten,E0019,nudge
primary_events_incl_rewritten,E0020,nudge
primary_events_incl_rewritten,E0021,nudge
primary_events_incl_rewritten,E0022,nudge
primary_events_incl_rewritten,E0023,nudge
primary_events_incl_rewritten,E0024,nudge
primary_events_incl_rewritten,E0025,nudge
primary_events_incl_rewritten,E0026,nudge
primary_events_incl_rewritten,E0029,baseline
primary_events_incl_rewritten,E0031,baseline
primary_events_incl_rewritten,E0032,baseline
primary_events_incl_rewritten,E0033,nudge
primary_events_incl_rewritten,E0034,nudge
primary_events_incl_rewritten,E0035,nudge
primary_events_incl_rewritten,E0036,nudge
primary_events_incl_rewritten,E0037,nudge
primary_events_incl_rewritten,E0038,nudge
primary_events_incl_rewritten,E0039,nudge
primary_events_incl_rewritten,E0040,nudge
primary_events_incl_rewritten,E0041,nudge
primary_events_incl_rewritten,E0042,baseline
primary_events_incl_rewritten,E0043,baseline
primary_events_incl_rewritten,E0044,baseline
primary_events_incl_rewritten,E0045,baseline
primary_events_incl_rewritten,E0047,baseline
primary_events_incl_rewritten,E0048,baseline
primary_events_incl_rewritten,E0049,baseline
primary_events_incl_rewritten,E0050,baseline
primary_events_incl_rewritten,E0051,baseline
primary_events_incl_rewritten,E0052,nudge
primary_events_incl_rewritten,E0053,nudge
primary_events_incl_rewritten,E0054,nudge
primary_events_incl_rewritten,E0055,nudge
primary_events_incl_rewritten,E0056,nudge
primary_events_incl_rewritten,E0057,nudge
primary_events_incl_rewritten,E0058,nudge
primary_events_incl_rewritten,E0059,baseline
primary_events_incl_rewritten,E0060,baseline
primary_events_incl_rewritten,E0061,baseline
primary_events_incl_rewritten,E0063,baseline
primary_events_incl_rewritten,E0064,baseline
primary_events_incl_rewritten,E0065,baseline
primary_events_incl_rewritten,E0066,baseline
primary_events_incl_rewritten,E0067,baseline
primary_events_incl_rewritten,E0068,baseline
primary_events_incl_rewritten,E0069,baseline
primary_events_incl_rewritten,E0070,baseline
primary_events_incl_rewritten,E0071,baseline
primary_events_incl_rewritten,E0072,baseline
primary_events_incl_rewritten,E0073,baseline
primary_events_incl_rewritten,E0074,baseline
primary_events_incl_rewritten,E0075,nudge
primary_events_incl_rewritten,E0076,nudge
primary_events_incl_rewritten,E0077,nudge
primary_events_incl_rewritten,E0078,nudge
primary_events_incl_rewritten,E0079,nudge
primary_events_incl_rewritten,E0080,nudge
primary_events_incl_rewritten,E0081,nudge
primary_events_incl_rewritten,E0082,nudge
primary_events_incl_rewritten,E0083,nudge
primary_events_incl_rewritten,E0084,nudge
primary_events_incl_rewritten,E0085,nudge
primary_events_incl_rewritten,E0086,nudge
primary_events_incl_rewritten,E0087,nudge
primary_events_incl_rewritten,E0088,baseline
primary_events_incl_rewritten,E0089,baseline
primary_events_incl_rewritten,E0090,baseline
primary_events_incl_rewritten,E0091,baseline
primary_events_incl_rewritten,E0092,baseline
primary_events_incl_rewritten,E0093,baseline
primary_events_incl_rewritten,E0094,nudge
primary_events_incl_rewritten,E0095,nudge
primary_events_incl_rewritten,E0096,nudge
primary_events_incl_rewritten,E0097,nudge
primary_events_incl_rewritten,E0098,nudge
primary_events_incl_rewritten,E0099,baseline
primary_events_incl_rewritten,E0100,baseline
primary_events_incl_rewritten,E0101,baseline
primary_events_incl_rewritten,E0102,baseline
primary_events_incl_rewritten,E0103,baseline
primary_events_incl_rewritten,E0104,baseline
primary_events_incl_rewritten,E0105,baseline
primary_events_incl_rewritten,E0106,baseline
primary_events_incl_rewritten,E0107,nudge
primary_events_incl_rewritten,E0108,nudge
primary_events_incl_rewritten,E0109,nudge
primary_events_incl_rewritten,E0110,nudge
primary_events_incl_rewritten,E0111,baseline
primary_events_incl_rewritten,E0112,baseline
primary_events_incl_rewritten,E0113,baseline
primary_events_incl_rewritten,E0114,baseline
primary_events_incl_rewritten,E0115,baseline
primary_events_incl_rewritten,E0116,baseline
primary_events_incl_rewritten,E0117,baseline
primary_events_incl_rewritten,E0118,baseline
primary_events_incl_rewritten,E0119,baseline
primary_events_incl_rewritten,E0120,baseline
primary_events_incl_rewritten,E0121,baseline
primary_events_incl_rewritten,E0122,baseline
primary_events_incl_rewritten,E0123,baseline
primary_events_incl_rewritten,E0124,baseline
primary_events_incl_rewritten,E0125,baseline
primary_events_incl_rewritten,E0126,baseline
primary_events_incl_rewritten,E0127,baseline
primary_events_incl_rewritten,E0128,baseline
primary_events_incl_rewritten,E0129,baseline
primary_events_incl_rewritten,E0130,baseline
primary_events_incl_rewritten,E0131,baseline
primary_events_incl_rewritten,E0132,baseline
primary_events_incl_rewritten,E0133,baseline
primary_events_incl_rewritten,E0134,nudge
primary_events_incl_rewritten,E0135,nudge
primary_events_incl_rewritten,E0136,nudge
primary_events_incl_rewritten,E0137,nudge
primary_events_incl_rewritten,E0138,nudge
primary_events_incl_rewritten,E0139,nudge
primary_events_incl_rewritten,E0140,nudge
primary_events_incl_rewritten,E0141,nudge
primary_events_incl_rewritten,E0142,nudge
primary_events_incl_rewritten,E0143,nudge
primary_events_incl_rewritten,E0144,nudge
primary_events_incl_rewritten,E0145,nudge
primary_events_incl_rewritten,E0146,nudge
primary_events_incl_rewritten,E0147,nudge
primary_events_incl_rewritten,E0148,baseline
primary_events_incl_rewritten,E0149,baseline
primary_events_incl_rewritten,E0150,baseline
primary_events_incl_rewritten,E0151,baseline
primary_events_incl_rewritten,E0152,baseline
primary_events_incl_rewritten,E0153,baseline
primary_events_incl_rewritten,E0154,baseline
primary_events_incl_rewritten,E0155,baseline
primary_events_incl_rewritten,E0156,baseline
primary_events_incl_rewritten,E0157,baseline
primary_events_incl_rewritten,E0158,baseline
primary_events_incl_rewritten,E0159,nudge
primary_events_incl_rewritten,E0160,nudge
primary_events_incl_rewritten,E0161,nudge
primary_events_incl_rewritten,E0162,nudge
primary_events_incl_rewritten,E0163,nudge
primary_events_incl_rewritten,E0164,nudge
primary_events_incl_rewritten,E0165,nudge
primary_events_incl_rewritten,E0166,nudge
primary_events_incl_rewritten,E0167,nudge
primary_events_incl_rewritten,E0168,baseline
primary_events_incl_rewritten,E0169,baseline
primary_events_incl_rewritten,E0170,baseline
primary_events_incl_rewritten,E0171,baseline
primary_events_incl_rewritten,E0172,baseline
primary_events_incl_rewritten,E0173,baseline
primary_events_incl_rewritten,E0174,baseline
primary_events_incl_rewritten,E0175,baseline
primary_events_incl_rewritten,E0176,baseline
primary_events_incl_rewritten,E0177,nudge
primary_events_incl_rewritten,E0178,nudge
primary_events_incl_rewritten,E0179,nudge
primary_events_incl_rewritten,E0180,nudge
primary_events_incl_rewritten,E0182,nudge
primary_events_incl_rewritten,E0183,nudge
primary_events_incl_rewritten,E0184,nudge
primary_events_incl_rewritten,E0185,nudge
primary_events_incl_rewritten,E0186,baseline
primary_events_incl_rewritten,E0187,baseline
primary_events_incl_rewritten,E0188,baseline
primary_events_incl_rewritten,E0189,baseline
primary_events_incl_rewritten,E0190,baseline
primary_events_incl_rewritten,E0191,baseline
primary_events_incl_rewritten,E0192,baseline
primary_events_incl_rewritten,E0193,baseline
primary_events_incl_rewritten,E0194,baseline
primary_events_incl_rewritten,E0195,baseline
primary_events_incl_rewritten,E0196,nudge
primary_events_incl_rewritten,E0197,nudge
primary_events_incl_rewritten,E0198,nudge
primary_events_incl_rewritten,E0199,nudge
primary_events_incl_rewritten,E0200,baseline
primary_events_incl_rewritten,E0201,baseline
primary_events_incl_rewritten,E0202,baseline
primary_events_incl_rewritten,E0203,baseline
primary_events_incl_rewritten,E0204,baseline
primary_events_incl_rewritten,E0205,baseline
primary_events_incl_rewritten,E0206,baseline
primary_events_incl_rewritten,E0207,nudge
primary_events_incl_rewritten,E0208,nudge
primary_events_incl_rewritten,E0209,nudge
primary_events_incl_rewritten,E0210,nudge
primary_events_incl_rewritten,E0211,nudge
primary_events_incl_rewritten,E0212,baseline
primary_events_incl_rewritten,E0213,baseline
primary_events_incl_rewritten,E0214,baseline
primary_events_incl_rewritten,E0215,baseline
primary_events_incl_rewritten,E0216,baseline
primary_events_incl_rewritten,E0217,baseline
primary_events_incl_rewritten,E0218,baseline
primary_events_incl_rewritten,E0219,baseline
primary_events_incl_rewritten,E0220,nudge
primary_events_incl_rewritten,E0221,nudge
primary_events_incl_rewritten,E0222,nudge
primary_events_incl_rewritten,E0223,nudge
primary_events_incl_rewritten,E0225,nudge
primary_events_incl_rewritten,E0227,nudge
primary_events_incl_rewritten,E0236,nudge
primary_events_incl_rewritten,E0238,nudge
primary_events_incl_rewritten,E0239,nudge
primary_events_incl_rewritten,E0240,nudge
primary_events_incl_rewritten,E0247,baseline
primary_events_incl_rewritten,E0248,baseline
primary_events_incl_rewritten,E0249,baseline
primary_events_incl_rewritten,E0250,baseline
primary_events_incl_rewritten,E0251,baseline
primary_events_incl_rewritten,E0252,baseline
primary_events_incl_rewritten,E0253,baseline
primary_events_incl_rewritten,E0254,baseline
primary_events_incl_rewritten,E0255,nudge
primary_events_incl_rewritten,E0256,nudge
primary_events_incl_rewritten,E0257,nudge
primary_events_incl_rewritten,E0258,nudge
primary_events_incl_rewritten,E0259,nudge
primary_events_incl_rewritten,E0260,baseline
primary_events_incl_rewritten,E0261,baseline
primary_events_incl_rewritten,E0262,baseline
primary_events_incl_rewritten,E0263,baseline
primary_events_incl_rewritten,E0264,baseline
primary_events_incl_rewritten,E0265,baseline
primary_events_incl_rewritten,E0266,baseline
primary_events_incl_rewritten,E0267,baseline
primary_events_incl_rewritten,E0268,baseline
primary_events_incl_rewritten,E0269,baseline
primary_events_incl_rewritten,E0270,baseline
primary_events_incl_rewritten,E0271,baseline
primary_events_incl_rewritten,E0272,baseline
primary_events_incl_rewritten,E0273,baseline
primary_events_incl_rewritten,E0274,baseline
primary_events_incl_rewritten,E0275,baseline
primary_events_incl_rewritten,E0276,baseline
primary_events_incl_rewritten,E0277,baseline
primary_events_incl_rewritten,E0278,baseline
primary_events_incl_rewritten,E0279,baseline
primary_events_incl_rewritten,E0280,baseline
primary_events_incl_rewritten,E0281,baseline
primary_events_incl_rewritten,E0282,baseline
primary_events_incl_rewritten,E0283,nudge
primary_events_incl_rewritten,E0284,nudge
primary_events_incl_rewritten,E0285,nudge
primary_events_incl_rewritten,E0286,nudge
primary_events_incl_rewritten,E0287,nudge
primary_events_incl_rewritten,E0288,nudge
primary_events_incl_rewritten,E0289,nudge
primary_events_incl_rewritten,E0290,nudge
primary_events_incl_rewritten,E0291,nudge
primary_events_incl_rewritten,E0292,nudge
primary_events_incl_rewritten,E0293,nudge
primary_events_incl_rewritten,E0294,nudge
primary_events_incl_rewritten,E0295,nudge
primary_events_incl_rewritten,E0296,nudge
primary_events_incl_rewritten,E0297,nudge
primary_events_incl_rewritten,E0298,baseline
primary_events_incl_rewritten,E0299,baseline
primary_events_incl_rewritten,E0300,baseline
primary_events_incl_rewritten,E0301,baseline
primary_events_incl_rewritten,E0302,baseline
primary_events_incl_rewritten,E0303,nudge
primary_events_incl_rewritten,E0304,nudge
primary_events_incl_rewritten,E0305,nudge
primary_events_incl_rewritten,E0306,baseline
primary_events_incl_rewritten,E0307,baseline
primary_events_incl_rewritten,E0308,baseline
primary_events_incl_rewritten,E0309,baseline
primary_events_incl_rewritten,E0310,baseline
primary_events_incl_rewritten,E0311,baseline
primary_events_incl_rewritten,E0312,baseline
primary_events_incl_rewritten,E0313,nudge
primary_events_incl_rewritten,E0314,nudge
primary_events_incl_rewritten,E0315,nudge
primary_events_incl_rewritten,E0316,nudge
primary_events_incl_rewritten,E0320,baseline
primary_events_incl_rewritten,E0321,baseline
primary_events_incl_rewritten,E0322,baseline
primary_events_incl_rewritten,E0323,baseline
primary_events_incl_rewritten,E0324,baseline
primary_events_incl_rewritten,E0326,baseline
primary_events_incl_rewritten,E0327,baseline
primary_events_incl_rewritten,E0328,baseline
primary_events_incl_rewritten,E0329,baseline
primary_events_incl_rewritten,E0330,baseline
primary_events_incl_rewritten,E0331,baseline
primary_events_incl_rewritten,E0332,nudge
primary_events_incl_rewritten,E0333,nudge
primary_events_incl_rewritten,E0334,nudge
primary_events_incl_rewritten,E0335,nudge
primary_events_incl_rewritten,E0336,baseline
primary_events_incl_rewritten,E0337,baseline
primary_events_incl_rewritten,E0338,baseline
primary_events_incl_rewritten,E0339,baseline
primary_events_incl_rewritten,E0341,baseline
primary_events_incl_rewritten,E0342,baseline
primary_events_incl_rewritten,E0343,nudge
primary_events_incl_rewritten,E0344,nudge
primary_events_incl_rewritten,E0345,baseline
primary_events_incl_rewritten,E0346,baseline
primary_events_incl_rewritten,E0347,baseline
primary_events_incl_rewritten,E0348,nudge
primary_events_incl_rewritten,E0349,nudge
primary_events_incl_rewritten,E0350,nudge
primary_events_incl_rewritten,E0352,baseline
primary_events_incl_rewritten,E0353,baseline
primary_events_incl_rewritten,E0354,baseline
primary_events_incl_rewritten,E0355,baseline
primary_events_incl_rewritten,E0356,baseline
primary_events_incl_rewritten,E0357,baseline
primary_events_incl_rewritten,E0358,baseline
primary_events_incl_rewritten,E0361,baseline
primary_events_incl_rewritten,E0362,baseline
primary_events_incl_rewritten,E0363,baseline
primary_events_incl_rewritten,E0364,baseline
primary_events_incl_rewritten,E0365,baseline
primary_events_incl_rewritten,E0366,baseline
primary_events_incl_rewritten,E0367,baseline
primary_events_incl_rewritten,E0368,nudge
primary_events_incl_rewritten,E0369,nudge
primary_events_incl_rewritten,E0370,nudge
primary_events_incl_rewritten,E0371,nudge
primary_events_incl_rewritten,E0372,nudge
primary_events_incl_rewritten,E0373,nudge
primary_events_incl_rewritten,E0374,nudge
primary_events_incl_rewritten,E0375,nudge
primary_events_incl_rewritten,E0376,nudge
primary_events_incl_rewritten,E0377,nudge
primary_events_incl_rewritten,E0378,nudge
primary_events_incl_rewritten,E0379,nudge
primary_events_incl_rewritten,E0380,baseline
primary_events_incl_rewritten,E0381,baseline
primary_events_incl_rewritten,E0382,baseline
primary_events_incl_rewritten,E0383,baseline
primary_events_incl_rewritten,E0384,baseline
primary_events_incl_rewritten,E0385,baseline
primary_events_incl_rewritten,E0386,baseline
primary_events_incl_rewritten,E0387,baseline
primary_events_incl_rewritten,E0388,baseline
primary_events_incl_rewritten,E0389,baseline
primary_events_incl_rewritten,E0390,baseline
primary_events_incl_rewritten,E0391,nudge
primary_events_incl_rewritten,E0392,nudge
primary_events_incl_rewritten,E0393,nudge
primary_events_incl_rewritten,E0394,nudge
primary_events_incl_rewritten,E0395,nudge
primary_events_incl_rewritten,E0396,nudge
primary_events_incl_rewritten,E0397,baseline
primary_events_incl_rewritten,E0398,baseline
primary_events_incl_rewritten,E0399,baseline
primary_events_incl_rewritten,E0400,baseline
primary_events_incl_rewritten,E0401,baseline
primary_events_incl_rewritten,E0402,baseline
primary_events_incl_rewritten,E0403,baseline
primary_events_incl_rewritten,E0404,baseline
primary_events_incl_rewritten,E0405,baseline
primary_events_incl_rewritten,E0406,baseline
primary_events_incl_rewritten,E0407,baseline
primary_events_incl_rewritten,E0408,baseline
primary_events_incl_rewritten,E0409,baseline
primary_events_incl_rewritten,E0410,baseline
primary_events_incl_rewritten,E0411,baseline
primary_events_incl_rewritten,E0412,baseline
primary_events_incl_rewritten,E0413,baseline
primary_events_incl_rewritten,E0414,baseline
primary_events_incl_rewritten,E0415,nudge
primary_events_incl_rewritten,E0416,nudge
primary_events_incl_rewritten,E0417,nudge
primary_events_incl_rewritten,E0418,nudge
primary_events_incl_rewritten,E0420,nudge
primary_events_incl_rewritten,E0421,nudge
primary_events_incl_rewritten,E0422,baseline
primary_events_incl_rewritten,E0423,baseline
primary_events_incl_rewritten,E0424,baseline
primary_events_incl_rewritten,E0425,baseline
primary_events_incl_rewritten,E0426,baseline
primary_events_incl_rewritten,E0427,baseline
primary_events_incl_rewritten,E0428,baseline
primary_events_incl_rewritten,E0429,baseline
primary_events_incl_rewritten,E0430,baseline
primary_events_incl_rewritten,E0431,baseline
primary_events_incl_rewritten,E0432,baseline
primary_events_incl_rewritten,E0433,nudge
primary_events_incl_rewritten,E0434,nudge
primary_events_incl_rewritten,E0435,nudge
primary_events_incl_rewritten,E0436,nudge
primary_events_incl_rewritten,E0437,nudge
primary_events_incl_rewritten,E0438,nudge
primary_events_incl_rewritten,E0439,baseline
primary_events_incl_rewritten,E0440,baseline
primary_events_incl_rewritten,E0441,baseline
primary_events_incl_rewritten,E0442,baseline
primary_events_incl_rewritten,E0443,baseline
primary_events_incl_rewritten,E0444,baseline
primary_events_incl_rewritten,E0445,nudge
primary_events_incl_rewritten,E0446,nudge
primary_events_incl_rewritten,E0447,nudge
primary_events_incl_rewritten,E0448,nudge
primary_events_incl_rewritten,E0449,nudge
primary_events_incl_rewritten,E0450,baseline
primary_events_incl_rewritten,E0451,baseline
primary_events_incl_rewritten,E0452,baseline
primary_events_incl_rewritten,E0453,baseline
primary_events_incl_rewritten,E0454,baseline
primary_events_incl_rewritten,E0455,nudge
primary_events_incl_rewritten,E0456,nudge
primary_events_incl_rewritten,E0457,nudge
primary_events_incl_rewritten,E0462,baseline
primary_events_incl_rewritten,E0463,baseline
primary_events_incl_rewritten,E0464,baseline
primary_events_incl_rewritten,E0465,baseline
primary_events_incl_rewritten,E0466,baseline
primary_events_incl_rewritten,E0467,baseline
primary_events_incl_rewritten,E0468,baseline
primary_events_incl_rewritten,E0469,baseline
primary_events_incl_rewritten,E0470,baseline
primary_events_incl_rewritten,E0471,baseline
primary_events_incl_rewritten,E0472,baseline
primary_events_incl_rewritten,E0473,baseline
primary_events_incl_rewritten,E0474,baseline
primary_events_incl_rewritten,E0475,baseline
primary_events_incl_rewritten,E0476,baseline
primary_events_incl_rewritten,E0477,baseline
primary_events_incl_rewritten,E0478,baseline
primary_events_incl_rewritten,E0479,baseline
primary_events_incl_rewritten,E0480,baseline
primary_events_incl_rewritten,E0481,nudge
primary_events_incl_rewritten,E0482,nudge
primary_events_incl_rewritten,E0483,nudge
primary_events_incl_rewritten,E0484,nudge
primary_events_incl_rewritten,E0485,nudge
primary_events_incl_rewritten,E0486,nudge
primary_events_incl_rewritten,E0487,nudge
primary_events_incl_rewritten,E0488,nudge
primary_events_incl_rewritten,E0489,nudge
primary_events_incl_rewritten,E0490,baseline
primary_events_incl_rewritten,E0491,baseline
primary_events_incl_rewritten,E0492,baseline
primary_events_incl_rewritten,E0493,baseline
primary_events_incl_rewritten,E0494,baseline
primary_events_incl_rewritten,E0495,baseline
primary_events_incl_rewritten,E0496,nudge
primary_events_incl_rewritten,E0497,nudge
primary_events_incl_rewritten,E0498,nudge
primary_events_incl_rewritten,E0499,nudge
primary_events_incl_rewritten,E0501,baseline
primary_events_incl_rewritten,E0502,baseline
primary_events_incl_rewritten,E0503,baseline
primary_events_incl_rewritten,E0504,baseline
primary_events_incl_rewritten,E0505,baseline
primary_events_incl_rewritten,E0506,baseline
primary_events_incl_rewritten,E0507,baseline
primary_events_incl_rewritten,E0508,baseline
primary_events_incl_rewritten,E0509,baseline
primary_events_incl_rewritten,E0510,baseline
primary_events_incl_rewritten,E0511,baseline
primary_events_incl_rewritten,E0512,nudge
primary_events_incl_rewritten,E0513,nudge
primary_events_incl_rewritten,E0514,nudge
primary_events_incl_rewritten,E0515,nudge
primary_events_incl_rewritten,E0516,nudge
primary_events_incl_rewritten,E0517,nudge
primary_events_incl_rewritten,E0518,nudge
primary_events_incl_rewritten,E0519,nudge
primary_events_incl_rewritten,E0520,baseline
primary_events_incl_rewritten,E0521,baseline
primary_events_incl_rewritten,E0522,baseline
primary_events_incl_rewritten,E0523,baseline
primary_events_incl_rewritten,E0524,baseline
primary_events_incl_rewritten,E0525,baseline
primary_events_incl_rewritten,E0526,nudge
primary_events_incl_rewritten,E0535,baseline
primary_events_incl_rewritten,E0536,baseline
primary_events_incl_rewritten,E0537,baseline
primary_events_incl_rewritten,E0538,baseline
primary_events_incl_rewritten,E0539,baseline
primary_events_incl_rewritten,E0540,baseline
primary_events_incl_rewritten,E0541,baseline
primary_events_incl_rewritten,E0542,nudge
primary_events_incl_rewritten,E0543,nudge
primary_events_incl_rewritten,E0544,nudge
primary_events_incl_rewritten,E0545,baseline
primary_events_incl_rewritten,E0546,baseline
primary_events_incl_rewritten,E0547,baseline
primary_events_incl_rewritten,E0548,baseline
primary_events_incl_rewritten,E0549,baseline
primary_events_incl_rewritten,E0550,baseline
primary_events_incl_rewritten,E0551,baseline
primary_events_incl_rewritten,E0552,baseline
primary_events_incl_rewritten,E0553,baseline
primary_events_incl_rewritten,E0555,nudge
primary_events_incl_rewritten,E0556,nudge
primary_events_incl_rewritten,E0557,nudge
primary_events_incl_rewritten,E0558,nudge
primary_events_incl_rewritten,E0568,baseline
primary_events_incl_rewritten,E0570,baseline
primary_events_incl_rewritten,E0571,baseline
primary_events_incl_rewritten,E0572,baseline
primary_events_incl_rewritten,E0573,baseline
primary_events_incl_rewritten,E0574,baseline
primary_events_incl_rewritten,E0575,baseline
primary_events_incl_rewritten,E0576,baseline
primary_events_incl_rewritten,E0577,baseline
primary_events_incl_rewritten,E0578,baseline
primary_events_incl_rewritten,E0579,baseline
primary_events_incl_rewritten,E0580,nudge
primary_events_incl_rewritten,E0581,nudge
primary_events_incl_rewritten,E0582,nudge
primary_events_incl_rewritten,E0583,nudge
primary_events_incl_rewritten,E0584,baseline
primary_events_incl_rewritten,E0585,baseline
primary_events_incl_rewritten,E0586,baseline
primary_events_incl_rewritten,E0587,baseline
primary_events_incl_rewritten,E0588,baseline
primary_events_incl_rewritten,E0589,nudge
primary_events_incl_rewritten,E0590,nudge
primary_events_incl_rewritten,E0591,nudge
primary_events_incl_rewritten,E0592,nudge
primary_events_incl_rewritten,E0593,nudge
primary_events_incl_rewritten,E0594,baseline
primary_events_incl_rewritten,E0595,baseline
primary_events_incl_rewritten,E0596,baseline
primary_events_incl_rewritten,E0597,baseline
primary_events_incl_rewritten,E0598,baseline
primary_events_incl_rewritten,E0599,baseline
primary_events_incl_rewritten,E0600,baseline
primary_events_incl_rewritten,E0601,baseline
primary_events_incl_rewritten,E0602,baseline
primary_events_incl_rewritten,E0603,baseline
primary_events_incl_rewritten,E0604,baseline
primary_events_incl_rewritten,E0605,baseline
primary_events_incl_rewritten,E0606,baseline
primary_events_incl_rewritten,E0607,baseline
primary_events_incl_rewritten,E0608,baseline
primary_events_incl_rewritten,E0609,baseline
primary_events_incl_rewritten,E0610,baseline
primary_events_incl_rewritten,E0611,nudge
primary_events_incl_rewritten,E0612,nudge
primary_events_incl_rewritten,E0613,nudge
primary_events_incl_rewritten,E0614,nudge
primary_events_incl_rewritten,E0615,nudge
primary_events_incl_rewritten,E0616,nudge
primary_events_incl_rewritten,E0617,nudge
primary_events_incl_rewritten,E0618,nudge
primary_events_incl_rewritten,E0619,nudge
primary_events_incl_rewritten,E0620,nudge
primary_events_incl_rewritten,E0621,nudge
primary_events_incl_rewritten,E0622,nudge
primary_events_incl_rewritten,E0623,nudge
primary_events_incl_rewritten,E0624,nudge
primary_events_incl_rewritten,E0625,nudge
primary_events_incl_rewritten,E0626,baseline
primary_events_incl_rewritten,E0627,baseline
primary_events_incl_rewritten,E0628,baseline
primary_events_incl_rewritten,E0629,baseline
primary_events_incl_rewritten,E0630,baseline
primary_events_incl_rewritten,E0631,baseline
primary_events_incl_rewritten,E0632,baseline
primary_events_incl_rewritten,E0633,nudge
primary_events_incl_rewritten,E0634,nudge
primary_events_incl_rewritten,E0635,baseline
primary_events_incl_rewritten,E0636,baseline
primary_events_incl_rewritten,E0637,baseline
primary_events_incl_rewritten,E0638,baseline
primary_events_incl_rewritten,E0639,baseline
primary_events_incl_rewritten,E0640,nudge
primary_events_incl_rewritten,E0641,nudge
primary_events_incl_rewritten,E0642,nudge
primary_events_incl_rewritten,E0647,baseline
primary_events_incl_rewritten,E0648,baseline
primary_events_incl_rewritten,E0649,baseline
primary_events_incl_rewritten,E0650,baseline
primary_events_incl_rewritten,E0651,baseline
primary_events_incl_rewritten,E0652,baseline
primary_events_incl_rewritten,E0653,baseline
primary_events_incl_rewritten,E0654,baseline
primary_events_incl_rewritten,E0655,nudge
primary_events_incl_rewritten,E0656,nudge
primary_events_incl_rewritten,E0657,nudge
primary_events_incl_rewritten,E0658,nudge
primary_events_incl_rewritten,E0659,baseline
primary_events_incl_rewritten,E0660,baseline
primary_events_incl_rewritten,E0661,baseline
primary_events_incl_rewritten,E0662,baseline
primary_events_incl_rewritten,E0663,baseline
primary_events_incl_rewritten,E0664,baseline
primary_events_incl_rewritten,E0665,baseline
primary_events_incl_rewritten,E0666,baseline
primary_events_incl_rewritten,E0667,baseline
primary_events_incl_rewritten,E0668,nudge
primary_events_incl_rewritten,E0669,nudge
primary_events_incl_rewritten,E0670,nudge
primary_events_incl_rewritten,E0672,baseline
primary_events_incl_rewritten,E0673,baseline
primary_events_incl_rewritten,E0674,baseline
primary_events_incl_rewritten,E0675,baseline
primary_events_incl_rewritten,E0676,nudge
primary_events_incl_rewritten,E0678,nudge
primary_events_incl_rewritten,E0679,nudge
primary_events_incl_rewritten,E0680,nudge
primary_events_incl_rewritten,E0682,nudge
primary_events_incl_rewritten,E0683,nudge
primary_events_incl_rewritten,E0684,nudge
primary_events_incl_rewritten,E0685,baseline
primary_events_incl_rewritten,E0686,baseline
primary_events_incl_rewritten,E0687,baseline
primary_events_incl_rewritten,E0688,baseline
primary_events_incl_rewritten,E0689,baseline
primary_events_incl_rewritten,E0690,baseline
primary_events_incl_rewritten,E0691,baseline
primary_events_incl_rewritten,E0692,nudge
primary_events_incl_rewritten,E0693,nudge
primary_events_incl_rewritten,E0694,nudge
primary_events_incl_rewritten,E0695,baseline
primary_events_incl_rewritten,E0696,baseline
primary_events_incl_rewritten,E0697,baseline
primary_events_incl_rewritten,E0698,baseline
primary_events_incl_rewritten,E0699,baseline
primary_events_incl_rewritten,E0700,baseline
primary_events_incl_rewritten,E0701,baseline
primary_events_incl_rewritten,E0702,baseline
primary_events_incl_rewritten,E0703,baseline
primary_events_incl_rewritten,E0704,baseline
primary_events_incl_rewritten,E0705,baseline
primary_events_incl_rewritten,E0706,nudge
primary_events_incl_rewritten,E0707,nudge
primary_events_incl_rewritten,E0708,nudge
primary_events_incl_rewritten,E0709,nudge
primary_events_incl_rewritten,E0710,nudge
primary_events_incl_rewritten,E0711,nudge
primary_events_incl_rewritten,E0712,nudge
primary_events_incl_rewritten,E0713,nudge
primary_events_incl_rewritten,E0714,nudge
primary_events_incl_rewritten,E0715,nudge
primary_events_incl_rewritten,E0716,nudge
primary_events_incl_rewritten,E0718,nudge
primary_events_incl_rewritten,E0719,baseline
primary_events_incl_rewritten,E0720,baseline
primary_events_incl_rewritten,E0721,baseline
primary_events_incl_rewritten,E0722,baseline
primary_events_incl_rewritten,E0723,baseline
primary_events_incl_rewritten,E0724,baseline
primary_events_incl_rewritten,E0725,baseline
primary_events_incl_rewritten,E0726,baseline
primary_events_incl_rewritten,E0727,baseline
primary_events_incl_rewritten,E0728,baseline
primary_events_incl_rewritten,E0729,baseline
primary_events_incl_rewritten,E0730,baseline
primary_events_incl_rewritten,E0731,baseline
primary_events_incl_rewritten,E0732,nudge
primary_events_incl_rewritten,E0733,nudge
primary_events_incl_rewritten,E0734,nudge
primary_events_incl_rewritten,E0735,nudge
primary_events_incl_rewritten,E0736,nudge
primary_events_incl_rewritten,E0737,nudge
primary_events_incl_rewritten,E0738,nudge
primary_events_incl_rewritten,E0739,nudge
primary_events_incl_rewritten,E0740,nudge
primary_events_incl_rewritten,E0741,nudge
primary_events_incl_rewritten,E0742,baseline
primary_events_incl_rewritten,E0743,baseline
primary_events_incl_rewritten,E0744,baseline
primary_events_incl_rewritten,E0745,baseline
primary_events_incl_rewritten,E0746,baseline
primary_events_incl_rewritten,E0747,baseline
primary_events_incl_rewritten,E0748,baseline
primary_events_incl_rewritten,E0749,nudge
primary_events_incl_rewritten,E0750,nudge
primary_events_incl_rewritten,E0751,nudge
primary_events_incl_rewritten,E0752,baseline
primary_events_incl_rewritten,E0754,baseline
primary_events_incl_rewritten,E0755,baseline
primary_events_incl_rewritten,E0756,baseline
primary_events_incl_rewritten,E0757,baseline
primary_events_incl_rewritten,E0758,baseline
primary_events_incl_rewritten,E0759,baseline
primary_events_incl_rewritten,E0760,baseline
primary_events_incl_rewritten,E0761,baseline
primary_events_incl_rewritten,E0762,baseline
primary_events_incl_rewritten,E0763,baseline
primary_events_incl_rewritten,E0764,baseline
primary_events_incl_rewritten,E0765,nudge
primary_events_incl_rewritten,E0766,nudge
primary_events_incl_rewritten,E0767,nudge
primary_events_incl_rewritten,E0768,nudge
primary_events_incl_rewritten,E0769,nudge
primary_events_incl_rewritten,E0770,nudge
primary_events_incl_rewritten,E0771,nudge
primary_events_incl_rewritten,E0772,nudge
primary_events_incl_rewritten,E0773,nudge
primary_events_incl_rewritten,E0774,nudge
primary_events_incl_rewritten,E0775,nudge
primary_events_incl_rewritten,E0776,nudge
primary_events_incl_rewritten,E0777,nudge
primary_events_incl_rewritten,E0778,nudge
primary_events_incl_rewritten,E0780,baseline
primary_events_incl_rewritten,E0781,baseline
primary_events_incl_rewritten,E0782,baseline
primary_events_incl_rewritten,E0783,baseline
primary_events_incl_rewritten,E0784,baseline
primary_events_incl_rewritten,E0785,baseline
primary_events_incl_rewritten,E0786,nudge
primary_events_incl_rewritten,E0787,nudge
primary_events_incl_rewritten,E0788,baseline
primary_events_incl_rewritten,E0789,baseline
primary_events_incl_rewritten,E0790,baseline
primary_events_incl_rewritten,E0791,baseline
primary_events_incl_rewritten,E0792,baseline
primary_events_incl_rewritten,E0793,baseline
primary_events_incl_rewritten,E0794,nudge
primary_events_incl_rewritten,E0795,nudge
primary_events_incl_rewritten,E0796,baseline
primary_events_incl_rewritten,E0797,baseline
primary_events_incl_rewritten,E0798,baseline
primary_events_incl_rewritten,E0799,baseline
primary_events_incl_rewritten,E0800,baseline
primary_events_incl_rewritten,E0801,baseline
primary_events_incl_rewritten,E0802,baseline
primary_events_incl_rewritten,E0803,nudge
primary_events_incl_rewritten,E0804,nudge
primary_events_incl_rewritten,E0805,nudge
primary_events_incl_rewritten,E0806,nudge
primary_events_incl_rewritten,E0807,nudge
primary_events_incl_rewritten,E0809,baseline
primary_events_incl_rewritten,E0811,baseline
primary_events_incl_rewritten,E0812,baseline
primary_events_incl_rewritten,E0813,baseline
primary_events_incl_rewritten,E0814,baseline
primary_events_incl_rewritten,E0815,baseline
primary_events_incl_rewritten,E0816,baseline
primary_events_incl_rewritten,E0817,baseline
primary_events_incl_rewritten,E0818,baseline
primary_events_incl_rewritten,E0819,baseline
primary_events_incl_rewritten,E0820,baseline
primary_events_incl_rewritten,E0821,nudge
primary_events_incl_rewritten,E0822,nudge
primary_events_incl_rewritten,E0823,nudge
primary_events_incl_rewritten,E0824,nudge
primary_events_incl_rewritten,E0825,nudge
primary_events_incl_rewritten,E0826,nudge
primary_events_incl_rewritten,E0827,nudge
primary_events_incl_rewritten,E0828,nudge
primary_events_incl_rewritten,E0829,nudge
primary_events_incl_rewritten,E0830,baseline
primary_events_incl_rewritten,E0831,baseline
primary_events_incl_rewritten,E0832,baseline
primary_events_incl_rewritten,E0833,baseline
primary_events_incl_rewritten,E0834,baseline
primary_events_incl_rewritten,E0835,baseline
primary_events_incl_rewritten,E0836,baseline
primary_events_incl_rewritten,E0837,baseline
primary_events_incl_rewritten,E0838,baseline
primary_events_incl_rewritten,E0839,nudge
primary_events_incl_rewritten,E0840,nudge
primary_events_incl_rewritten,E0841,nudge
primary_events_incl_rewritten,E0842,nudge
primary_events_incl_rewritten,E0843,nudge
primary_events_incl_rewritten,E0844,nudge
primary_events_incl_rewritten,E0845,nudge
primary_events_incl_rewritten,E0846,baseline
primary_events_incl_rewritten,E0847,baseline
primary_events_incl_rewritten,E0848,baseline
primary_events_incl_rewritten,E0849,baseline
primary_events_incl_rewritten,E0850,baseline
primary_events_incl_rewritten,E0851,baseline
primary_events_incl_rewritten,E0852,baseline
primary_events_incl_rewritten,E0853,baseline
primary_events_incl_rewritten,E0854,baseline
primary_events_incl_rewritten,E0855,baseline
primary_events_incl_rewritten,E0856,baseline
primary_events_incl_rewritten,E0857,baseline
primary_events_incl_rewritten,E0858,baseline
primary_events_incl_rewritten,E0859,baseline
primary_events_incl_rewritten,E0860,baseline
primary_events_incl_rewritten,E0861,nudge
primary_events_incl_rewritten,E0862,nudge
primary_events_incl_rewritten,E0863,nudge
primary_events_incl_rewritten,E0865,baseline
primary_events_incl_rewritten,E0866,baseline
primary_events_incl_rewritten,E0867,baseline
primary_events_incl_rewritten,E0868,baseline
primary_events_incl_rewritten,E0869,baseline
primary_events_incl_rewritten,E0870,baseline
primary_events_incl_rewritten,E0871,baseline
primary_events_incl_rewritten,E0872,baseline
primary_events_incl_rewritten,E0873,baseline
primary_events_incl_rewritten,E0874,baseline
primary_events_incl_rewritten,E0875,baseline
primary_events_incl_rewritten,E0876,baseline
primary_events_incl_rewritten,E0877,baseline
primary_events_incl_rewritten,E0878,baseline
primary_events_incl_rewritten,E0879,baseline
primary_events_incl_rewritten,E0880,nudge
primary_events_incl_rewritten,E0881,nudge
primary_events_incl_rewritten,E0882,nudge
primary_events_incl_rewritten,E0883,nudge
primary_events_incl_rewritten,E0884,nudge
primary_events_incl_rewritten,E0885,baseline
primary_events_incl_rewritten,E0886,baseline
primary_events_incl_rewritten,E0887,baseline
primary_events_incl_rewritten,E0888,baseline
primary_events_incl_rewritten,E0889,baseline
primary_events_incl_rewritten,E0890,baseline
primary_events_incl_rewritten,E0891,baseline
primary_events_incl_rewritten,E0892,nudge
primary_events_incl_rewritten,E0893,nudge
primary_events_incl_rewritten,E0894,baseline
primary_events_incl_rewritten,E0895,baseline
primary_events_incl_rewritten,E0896,baseline
primary_events_incl_rewritten,E0897,baseline
primary_events_incl_rewritten,E0898,baseline
primary_events_incl_rewritten,E0899,baseline
primary_events_incl_rewritten,E0900,baseline
primary_events_incl_rewritten,E0901,nudge
primary_events_incl_rewritten,E0902,nudge
primary_events_incl_rewritten,E0903,nudge
primary_events_incl_rewritten,E0904,nudge
primary_events_incl_rewritten,E0905,baseline
primary_events_incl_rewritten,E0906,baseline
primary_events_incl_rewritten,E0907,baseline
primary_events_incl_rewritten,E0908,baseline
primary_events_incl_rewritten,E0909,baseline
primary_events_incl_rewritten,E0910,baseline
primary_events_incl_rewritten,E0911,nudge
primary_events_incl_rewritten,E0912,baseline
primary_events_incl_rewritten,E0913,baseline
primary_events_incl_rewritten,E0914,baseline
primary_events_incl_rewritten,E0915,baseline
primary_events_incl_rewritten,E0916,baseline
primary_events_incl_rewritten,E0917,baseline
primary_events_incl_rewritten,E0918,baseline
primary_events_incl_rewritten,E0919,baseline
primary_events_incl_rewritten,E0920,baseline
primary_events_incl_rewritten,E0921,baseline
primary_events_incl_rewritten,E0922,baseline
primary_events_incl_rewritten,E0923,baseline
primary_events_incl_rewritten,E0924,baseline
primary_events_incl_rewritten,E0925,baseline
primary_events_incl_rewritten,E0927,baseline
primary_events_incl_rewritten,E0928,baseline
primary_events_incl_rewritten,E0929,nudge
primary_events_incl_rewritten,E0930,nudge
primary_events_incl_rewritten,E0931,nudge
primary_events_incl_rewritten,E0932,nudge
primary_events_incl_rewritten,E0933,nudge
primary_events_incl_rewritten,E0934,nudge
primary_events_incl_rewritten,E0935,nudge
primary_events_incl_rewritten,E0936,nudge
primary_events_incl_rewritten,E0937,nudge
primary_events_incl_rewritten,E0938,nudge
primary_events_incl_rewritten,E0939,nudge
primary_events_incl_rewritten,E0940,nudge
primary_events_incl_rewritten,E0941,nudge
primary_events_incl_rewritten,E0942,nudge
primary_events_incl_rewritten,E0943,nudge
primary_events_incl_rewritten,E0944,nudge
primary_events_incl_rewritten,E0945,baseline
primary_events_incl_rewritten,E0946,baseline
primary_events_incl_rewritten,E0947,baseline
primary_events_incl_rewritten,E0948,baseline
primary_events_incl_rewritten,E0949,baseline
primary_events_incl_rewritten,E0950,baseline
primary_events_incl_rewritten,E0951,nudge
primary_events_incl_rewritten,E0952,nudge
primary_events_incl_rewritten,E0955,baseline
primary_events_incl_rewritten,E0956,baseline
primary_events_incl_rewritten,E0957,baseline
primary_events_incl_rewritten,E0958,baseline
primary_events_incl_rewritten,E0959,baseline
primary_events_incl_rewritten,E0960,baseline
primary_events_incl_rewritten,E0961,baseline
primary_events_incl_rewritten,E0962,baseline
primary_events_incl_rewritten,E0963,baseline
primary_events_incl_rewritten,E0964,baseline
primary_events_incl_rewritten,E0965,nudge
primary_events_incl_rewritten,E0966,nudge
primary_events_incl_rewritten,E0967,nudge
primary_events_incl_rewritten,E0968,nudge
primary_events_incl_rewritten,E0969,nudge
primary_events_incl_rewritten,E0970,nudge
primary_events_incl_rewritten,E0971,nudge
primary_events_incl_rewritten,E0972,nudge
primary_events_incl_rewritten,E0973,nudge
primary_events_incl_rewritten,E0986,baseline
primary_events_incl_rewritten,E0987,baseline
primary_events_incl_rewritten,E0988,baseline
primary_events_incl_rewritten,E0989,baseline
primary_events_incl_rewritten,E0990,baseline
primary_events_incl_rewritten,E0991,baseline
primary_events_incl_rewritten,E0992,baseline
primary_events_incl_rewritten,E0993,baseline
primary_events_incl_rewritten,E0994,baseline
primary_events_incl_rewritten,E0995,baseline
primary_events_incl_rewritten,E0996,baseline
primary_events_incl_rewritten,E0997,nudge
primary_events_incl_rewritten,E0998,nudge
primary_events_incl_rewritten,E0999,nudge
primary_events_incl_rewritten,E1000,nudge
primary_events_incl_rewritten,E1011,baseline
primary_events_incl_rewritten,E1012,baseline
primary_events_incl_rewritten,E1013,baseline
primary_events_incl_rewritten,E1014,baseline
primary_events_incl_rewritten,E1015,baseline
primary_events_incl_rewritten,E1016,baseline
primary_events_incl_rewritten,E1017,baseline
primary_events_incl_rewritten,E1018,baseline
primary_events_incl_rewritten,E1019,baseline
primary_events_incl_rewritten,E1020,baseline
primary_events_incl_rewritten,E1021,baseline
primary_events_incl_rewritten,E1022,nudge
primary_events_incl_rewritten,E1023,nudge
primary_events_incl_rewritten,E1024,nudge
primary_events_incl_rewritten,E1025,nudge
primary_events_incl_rewritten,E1026,nudge
primary_events_incl_rewritten,E1027,nudge
primary_events_incl_rewritten,E1029,nudge
primary_events_incl_rewritten,E1030,nudge
primary_events_incl_rewritten,E1031,nudge
primary_events_incl_rewritten,E1032,nudge
primary_events_incl_rewritten,E1033,nudge
primary_events_incl_rewritten,E1034,baseline
primary_events_incl_rewritten,E1035,baseline
primary_events_incl_rewritten,E1036,baseline
primary_events_incl_rewritten,E1037,baseline
primary_events_incl_rewritten,E1038,baseline
primary_events_incl_rewritten,E1039,baseline
primary_events_incl_rewritten,E1040,nudge
primary_events_incl_rewritten,E1041,nudge
primary_events_incl_rewritten,E1042,nudge
primary_events_incl_rewritten,E1043,nudge
primary_events_incl_rewritten,E1044,baseline
primary_events_incl_rewritten,E1045,baseline
primary_events_incl_rewritten,E1046,baseline
primary_events_incl_rewritten,E1047,baseline
primary_events_incl_rewritten,E1048,baseline
primary_events_incl_rewritten,E1049,nudge
primary_events_incl_rewritten,E1050,nudge
primary_events_incl_rewritten,E1051,nudge
primary_events_incl_rewritten,E1052,nudge
primary_events_incl_rewritten,E1053,nudge
primary_events_incl_rewritten,E1054,baseline
primary_events_incl_rewritten,E1055,baseline
primary_events_incl_rewritten,E1056,baseline
primary_events_incl_rewritten,E1057,baseline
primary_events_incl_rewritten,E1058,baseline
primary_events_incl_rewritten,E1059,baseline
primary_events_incl_rewritten,E1060,baseline
primary_events_incl_rewritten,E1061,baseline
primary_events_incl_rewritten,E1062,baseline
primary_events_incl_rewritten,E1063,baseline
primary_events_incl_rewritten,E1064,baseline
primary_events_incl_rewritten,E1065,baseline
primary_events_incl_rewritten,E1066,nudge
primary_events_incl_rewritten,E1067,nudge
primary_events_incl_rewritten,E1068,nudge
primary_events_incl_rewritten,E1069,nudge
primary_events_incl_rewritten,E1070,nudge
primary_events_incl_rewritten,E1071,nudge
primary_events_incl_rewritten,E1072,nudge
primary_events_incl_rewritten,E1073,baseline
primary_events_incl_rewritten,E1074,baseline
primary_events_incl_rewritten,E1075,baseline
primary_events_incl_rewritten,E1076,baseline
primary_events_incl_rewritten,E1077,baseline
primary_events_incl_rewritten,E1078,baseline
primary_events_incl_rewritten,E1079,baseline
primary_events_incl_rewritten,E1080,baseline
primary_events_incl_rewritten,E1081,baseline
primary_events_incl_rewritten,E1082,baseline
primary_events_incl_rewritten,E1083,baseline
primary_events_incl_rewritten,E1084,baseline
primary_events_incl_rewritten,E1085,baseline
primary_events_incl_rewritten,E1086,baseline
primary_events_incl_rewritten,E1087,nudge
primary_events_incl_rewritten,E1088,nudge
primary_events_incl_rewritten,E1089,nudge
primary_events_incl_rewritten,E1090,nudge
primary_events_incl_rewritten,E1091,nudge
primary_events_incl_rewritten,E1092,nudge
primary_events_incl_rewritten,E1093,nudge
primary_events_incl_rewritten,E1094,nudge
primary_events_incl_rewritten,E1095,nudge
primary_events_incl_rewritten,E1096,nudge
primary_events_incl_rewritten,E1097,nudge
primary_events_retain_all_duplicates,E0002,baseline
primary_events_retain_all_duplicates,E0003,baseline
primary_events_retain_all_duplicates,E0004,baseline
primary_events_retain_all_duplicates,E0005,baseline
primary_events_retain_all_duplicates,E0006,baseline
primary_events_retain_all_duplicates,E0007,baseline
primary_events_retain_all_duplicates,E0008,baseline
primary_events_retain_all_duplicates,E0009,baseline
primary_events_retain_all_duplicates,E0010,baseline
primary_events_retain_all_duplicates,E0011,baseline
primary_events_retain_all_duplicates,E0012,baseline
primary_events_retain_all_duplicates,E0013,nudge
primary_events_retain_all_duplicates,E0014,nudge
primary_events_retain_all_duplicates,E0015,nudge
primary_events_retain_all_duplicates,E0016,nudge
primary_events_retain_all_duplicates,E0017,nudge
primary_events_retain_all_duplicates,E0018,nudge
primary_events_retain_all_duplicates,E0019,nudge
primary_events_retain_all_duplicates,E0020,nudge
primary_events_retain_all_duplicates,E0021,nudge
primary_events_retain_all_duplicates,E0022,nudge
primary_events_retain_all_duplicates,E0023,nudge
primary_events_retain_all_duplicates,E0024,nudge
primary_events_retain_all_duplicates,E0025,nudge
primary_events_retain_all_duplicates,E0026,nudge
primary_events_retain_all_duplicates,E0029,baseline
primary_events_retain_all_duplicates,E0030,baseline
primary_events_retain_all_duplicates,E0031,baseline
primary_events_retain_all_duplicates,E0032,baseline
primary_events_retain_all_duplicates,E0033,nudge
primary_events_retain_all_duplicates,E0034,nudge
primary_events_retain_all_duplicates,E0035,nudge
primary_events_retain_all_duplicates,E0036,nudge
primary_events_retain_all_duplicates,E0037,nudge
primary_events_retain_all_duplicates,E0038,nudge
primary_events_retain_all_duplicates,E0039,nudge
primary_events_retain_all_duplicates,E0040,nudge
primary_events_retain_all_duplicates,E0041,nudge
primary_events_retain_all_duplicates,E0042,baseline
primary_events_retain_all_duplicates,E0043,baseline
primary_events_retain_all_duplicates,E0044,baseline
primary_events_retain_all_duplicates,E0045,baseline
primary_events_retain_all_duplicates,E0046,baseline
primary_events_retain_all_duplicates,E0047,baseline
primary_events_retain_all_duplicates,E0048,baseline
primary_events_retain_all_duplicates,E0049,baseline
primary_events_retain_all_duplicates,E0050,baseline
primary_events_retain_all_duplicates,E0051,baseline
primary_events_retain_all_duplicates,E0052,nudge
primary_events_retain_all_duplicates,E0053,nudge
primary_events_retain_all_duplicates,E0054,nudge
primary_events_retain_all_duplicates,E0055,nudge
primary_events_retain_all_duplicates,E0056,nudge
primary_events_retain_all_duplicates,E0057,nudge
primary_events_retain_all_duplicates,E0058,nudge
primary_events_retain_all_duplicates,E0059,baseline
primary_events_retain_all_duplicates,E0060,baseline
primary_events_retain_all_duplicates,E0061,baseline
primary_events_retain_all_duplicates,E0062,baseline
primary_events_retain_all_duplicates,E0063,baseline
primary_events_retain_all_duplicates,E0064,baseline
primary_events_retain_all_duplicates,E0065,baseline
primary_events_retain_all_duplicates,E0066,baseline
primary_events_retain_all_duplicates,E0067,baseline
primary_events_retain_all_duplicates,E0068,baseline
primary_events_retain_all_duplicates,E0069,baseline
primary_events_retain_all_duplicates,E0070,baseline
primary_events_retain_all_duplicates,E0071,baseline
primary_events_retain_all_duplicates,E0072,baseline
primary_events_retain_all_duplicates,E0073,baseline
primary_events_retain_all_duplicates,E0074,baseline
primary_events_retain_all_duplicates,E0075,nudge
primary_events_retain_all_duplicates,E0076,nudge
primary_events_retain_all_duplicates,E0077,nudge
primary_events_retain_all_duplicates,E0078,nudge
primary_events_retain_all_duplicates,E0079,nudge
primary_events_retain_all_duplicates,E0080,nudge
primary_events_retain_all_duplicates,E0081,nudge
primary_events_retain_all_duplicates,E0082,nudge
primary_events_retain_all_duplicates,E0083,nudge
primary_events_retain_all_duplicates,E0084,nudge
primary_events_retain_all_duplicates,E0085,nudge
primary_events_retain_all_duplicates,E0086,nudge
primary_events_retain_all_duplicates,E0087,nudge
primary_events_retain_all_duplicates,E0088,baseline
primary_events_retain_all_duplicates,E0089,baseline
primary_events_retain_all_duplicates,E0090,baseline
primary_events_retain_all_duplicates,E0091,baseline
primary_events_retain_all_duplicates,E0092,baseline
primary_events_retain_all_duplicates,E0093,baseline
primary_events_retain_all_duplicates,E0094,nudge
primary_events_retain_all_duplicates,E0095,nudge
primary_events_retain_all_duplicates,E0096,nudge
primary_events_retain_all_duplicates,E0097,nudge
primary_events_retain_all_duplicates,E0098,nudge
primary_events_retain_all_duplicates,E0099,baseline
primary_events_retain_all_duplicates,E0100,baseline
primary_events_retain_all_duplicates,E0101,baseline
primary_events_retain_all_duplicates,E0102,baseline
primary_events_retain_all_duplicates,E0103,baseline
primary_events_retain_all_duplicates,E0104,baseline
primary_events_retain_all_duplicates,E0105,baseline
primary_events_retain_all_duplicates,E0106,baseline
primary_events_retain_all_duplicates,E0107,nudge
primary_events_retain_all_duplicates,E0108,nudge
primary_events_retain_all_duplicates,E0109,nudge
primary_events_retain_all_duplicates,E0110,nudge
primary_events_retain_all_duplicates,E0111,baseline
primary_events_retain_all_duplicates,E0112,baseline
primary_events_retain_all_duplicates,E0113,baseline
primary_events_retain_all_duplicates,E0114,baseline
primary_events_retain_all_duplicates,E0115,baseline
primary_events_retain_all_duplicates,E0116,baseline
primary_events_retain_all_duplicates,E0117,baseline
primary_events_retain_all_duplicates,E0118,baseline
primary_events_retain_all_duplicates,E0119,baseline
primary_events_retain_all_duplicates,E0120,baseline
primary_events_retain_all_duplicates,E0121,baseline
primary_events_retain_all_duplicates,E0122,baseline
primary_events_retain_all_duplicates,E0123,baseline
primary_events_retain_all_duplicates,E0124,baseline
primary_events_retain_all_duplicates,E0125,baseline
primary_events_retain_all_duplicates,E0126,baseline
primary_events_retain_all_duplicates,E0127,baseline
primary_events_retain_all_duplicates,E0128,baseline
primary_events_retain_all_duplicates,E0129,baseline
primary_events_retain_all_duplicates,E0130,baseline
primary_events_retain_all_duplicates,E0131,baseline
primary_events_retain_all_duplicates,E0132,baseline
primary_events_retain_all_duplicates,E0133,baseline
primary_events_retain_all_duplicates,E0134,nudge
primary_events_retain_all_duplicates,E0135,nudge
primary_events_retain_all_duplicates,E0136,nudge
primary_events_retain_all_duplicates,E0137,nudge
primary_events_retain_all_duplicates,E0138,nudge
primary_events_retain_all_duplicates,E0139,nudge
primary_events_retain_all_duplicates,E0140,nudge
primary_events_retain_all_duplicates,E0141,nudge
primary_events_retain_all_duplicates,E0142,nudge
primary_events_retain_all_duplicates,E0143,nudge
primary_events_retain_all_duplicates,E0144,nudge
primary_events_retain_all_duplicates,E0145,nudge
primary_events_retain_all_duplicates,E0146,nudge
primary_events_retain_all_duplicates,E0147,nudge
primary_events_retain_all_duplicates,E0148,baseline
primary_events_retain_all_duplicates,E0149,baseline
primary_events_retain_all_duplicates,E0150,baseline
primary_events_retain_all_duplicates,E0151,baseline
primary_events_retain_all_duplicates,E0152,baseline
primary_events_retain_all_duplicates,E0153,baseline
primary_events_retain_all_duplicates,E0154,baseline
primary_events_retain_all_duplicates,E0155,baseline
primary_events_retain_all_duplicates,E0156,baseline
primary_events_retain_all_duplicates,E0157,baseline
primary_events_retain_all_duplicates,E0158,baseline
primary_events_retain_all_duplicates,E0159,nudge
primary_events_retain_all_duplicates,E0160,nudge
primary_events_retain_all_duplicates,E0161,nudge
primary_events_retain_all_duplicates,E0162,nudge
primary_events_retain_all_duplicates,E0163,nudge
primary_events_retain_all_duplicates,E0164,nudge
primary_events_retain_all_duplicates,E0165,nudge
primary_events_retain_all_duplicates,E0166,nudge
primary_events_retain_all_duplicates,E0167,nudge
primary_events_retain_all_duplicates,E0168,baseline
primary_events_retain_all_duplicates,E0169,baseline
primary_events_retain_all_duplicates,E0170,baseline
primary_events_retain_all_duplicates,E0171,baseline
primary_events_retain_all_duplicates,E0172,baseline
primary_events_retain_all_duplicates,E0173,baseline
primary_events_retain_all_duplicates,E0174,baseline
primary_events_retain_all_duplicates,E0175,baseline
primary_events_retain_all_duplicates,E0176,baseline
primary_events_retain_all_duplicates,E0177,nudge
primary_events_retain_all_duplicates,E0178,nudge
primary_events_retain_all_duplicates,E0179,nudge
primary_events_retain_all_duplicates,E0180,nudge
primary_events_retain_all_duplicates,E0181,nudge
primary_events_retain_all_duplicates,E0182,nudge
primary_events_retain_all_duplicates,E0183,nudge
primary_events_retain_all_duplicates,E0184,nudge
primary_events_retain_all_duplicates,E0185,nudge
primary_events_retain_all_duplicates,E0186,baseline
primary_events_retain_all_duplicates,E0187,baseline
primary_events_retain_all_duplicates,E0188,baseline
primary_events_retain_all_duplicates,E0189,baseline
primary_events_retain_all_duplicates,E0190,baseline
primary_events_retain_all_duplicates,E0191,baseline
primary_events_retain_all_duplicates,E0192,baseline
primary_events_retain_all_duplicates,E0193,baseline
primary_events_retain_all_duplicates,E0194,baseline
primary_events_retain_all_duplicates,E0195,baseline
primary_events_retain_all_duplicates,E0196,nudge
primary_events_retain_all_duplicates,E0197,nudge
primary_events_retain_all_duplicates,E0198,nudge
primary_events_retain_all_duplicates,E0199,nudge
primary_events_retain_all_duplicates,E0200,baseline
primary_events_retain_all_duplicates,E0201,baseline
primary_events_retain_all_duplicates,E0202,baseline
primary_events_retain_all_duplicates,E0203,baseline
primary_events_retain_all_duplicates,E0204,baseline
primary_events_retain_all_duplicates,E0205,baseline
primary_events_retain_all_duplicates,E0206,baseline
primary_events_retain_all_duplicates,E0207,nudge
primary_events_retain_all_duplicates,E0208,nudge
primary_events_retain_all_duplicates,E0209,nudge
primary_events_retain_all_duplicates,E0210,nudge
primary_events_retain_all_duplicates,E0211,nudge
primary_events_retain_all_duplicates,E0212,baseline
primary_events_retain_all_duplicates,E0213,baseline
primary_events_retain_all_duplicates,E0214,baseline
primary_events_retain_all_duplicates,E0215,baseline
primary_events_retain_all_duplicates,E0216,baseline
primary_events_retain_all_duplicates,E0217,baseline
primary_events_retain_all_duplicates,E0218,baseline
primary_events_retain_all_duplicates,E0219,baseline
primary_events_retain_all_duplicates,E0220,nudge
primary_events_retain_all_duplicates,E0221,nudge
primary_events_retain_all_duplicates,E0222,nudge
primary_events_retain_all_duplicates,E0223,nudge
primary_events_retain_all_duplicates,E0224,nudge
primary_events_retain_all_duplicates,E0225,nudge
primary_events_retain_all_duplicates,E0226,nudge
primary_events_retain_all_duplicates,E0227,nudge
primary_events_retain_all_duplicates,E0228,nudge
primary_events_retain_all_duplicates,E0229,nudge
primary_events_retain_all_duplicates,E0230,nudge
primary_events_retain_all_duplicates,E0231,nudge
primary_events_retain_all_duplicates,E0232,nudge
primary_events_retain_all_duplicates,E0233,nudge
primary_events_retain_all_duplicates,E0234,nudge
primary_events_retain_all_duplicates,E0235,nudge
primary_events_retain_all_duplicates,E0236,nudge
primary_events_retain_all_duplicates,E0237,nudge
primary_events_retain_all_duplicates,E0238,nudge
primary_events_retain_all_duplicates,E0239,nudge
primary_events_retain_all_duplicates,E0240,nudge
primary_events_retain_all_duplicates,E0260,baseline
primary_events_retain_all_duplicates,E0261,baseline
primary_events_retain_all_duplicates,E0262,baseline
primary_events_retain_all_duplicates,E0263,baseline
primary_events_retain_all_duplicates,E0264,baseline
primary_events_retain_all_duplicates,E0265,baseline
primary_events_retain_all_duplicates,E0266,baseline
primary_events_retain_all_duplicates,E0267,baseline
primary_events_retain_all_duplicates,E0268,baseline
primary_events_retain_all_duplicates,E0269,baseline
primary_events_retain_all_duplicates,E0270,baseline
primary_events_retain_all_duplicates,E0271,baseline
primary_events_retain_all_duplicates,E0272,baseline
primary_events_retain_all_duplicates,E0273,baseline
primary_events_retain_all_duplicates,E0274,baseline
primary_events_retain_all_duplicates,E0275,baseline
primary_events_retain_all_duplicates,E0276,baseline
primary_events_retain_all_duplicates,E0277,baseline
primary_events_retain_all_duplicates,E0278,baseline
primary_events_retain_all_duplicates,E0279,baseline
primary_events_retain_all_duplicates,E0280,baseline
primary_events_retain_all_duplicates,E0281,baseline
primary_events_retain_all_duplicates,E0282,baseline
primary_events_retain_all_duplicates,E0283,nudge
primary_events_retain_all_duplicates,E0284,nudge
primary_events_retain_all_duplicates,E0285,nudge
primary_events_retain_all_duplicates,E0286,nudge
primary_events_retain_all_duplicates,E0287,nudge
primary_events_retain_all_duplicates,E0288,nudge
primary_events_retain_all_duplicates,E0289,nudge
primary_events_retain_all_duplicates,E0290,nudge
primary_events_retain_all_duplicates,E0291,nudge
primary_events_retain_all_duplicates,E0292,nudge
primary_events_retain_all_duplicates,E0293,nudge
primary_events_retain_all_duplicates,E0294,nudge
primary_events_retain_all_duplicates,E0295,nudge
primary_events_retain_all_duplicates,E0296,nudge
primary_events_retain_all_duplicates,E0297,nudge
primary_events_retain_all_duplicates,E0320,baseline
primary_events_retain_all_duplicates,E0321,baseline
primary_events_retain_all_duplicates,E0322,baseline
primary_events_retain_all_duplicates,E0323,baseline
primary_events_retain_all_duplicates,E0324,baseline
primary_events_retain_all_duplicates,E0325,baseline
primary_events_retain_all_duplicates,E0326,baseline
primary_events_retain_all_duplicates,E0327,baseline
primary_events_retain_all_duplicates,E0328,baseline
primary_events_retain_all_duplicates,E0329,baseline
primary_events_retain_all_duplicates,E0330,baseline
primary_events_retain_all_duplicates,E0331,baseline
primary_events_retain_all_duplicates,E0332,nudge
primary_events_retain_all_duplicates,E0333,nudge
primary_events_retain_all_duplicates,E0334,nudge
primary_events_retain_all_duplicates,E0335,nudge
primary_events_retain_all_duplicates,E0336,baseline
primary_events_retain_all_duplicates,E0337,baseline
primary_events_retain_all_duplicates,E0338,baseline
primary_events_retain_all_duplicates,E0339,baseline
primary_events_retain_all_duplicates,E0340,baseline
primary_events_retain_all_duplicates,E0341,baseline
primary_events_retain_all_duplicates,E0342,baseline
primary_events_retain_all_duplicates,E0343,nudge
primary_events_retain_all_duplicates,E0344,nudge
primary_events_retain_all_duplicates,E0345,baseline
primary_events_retain_all_duplicates,E0346,baseline
primary_events_retain_all_duplicates,E0347,baseline
primary_events_retain_all_duplicates,E0348,nudge
primary_events_retain_all_duplicates,E0349,nudge
primary_events_retain_all_duplicates,E0350,nudge
primary_events_retain_all_duplicates,E0351,baseline
primary_events_retain_all_duplicates,E0352,baseline
primary_events_retain_all_duplicates,E0353,baseline
primary_events_retain_all_duplicates,E0354,baseline
primary_events_retain_all_duplicates,E0355,baseline
primary_events_retain_all_duplicates,E0356,baseline
primary_events_retain_all_duplicates,E0357,baseline
primary_events_retain_all_duplicates,E0358,baseline
primary_events_retain_all_duplicates,E0359,baseline
primary_events_retain_all_duplicates,E0360,baseline
primary_events_retain_all_duplicates,E0361,baseline
primary_events_retain_all_duplicates,E0362,baseline
primary_events_retain_all_duplicates,E0363,baseline
primary_events_retain_all_duplicates,E0364,baseline
primary_events_retain_all_duplicates,E0365,baseline
primary_events_retain_all_duplicates,E0366,baseline
primary_events_retain_all_duplicates,E0367,baseline
primary_events_retain_all_duplicates,E0368,nudge
primary_events_retain_all_duplicates,E0369,nudge
primary_events_retain_all_duplicates,E0370,nudge
primary_events_retain_all_duplicates,E0371,nudge
primary_events_retain_all_duplicates,E0372,nudge
primary_events_retain_all_duplicates,E0373,nudge
primary_events_retain_all_duplicates,E0374,nudge
primary_events_retain_all_duplicates,E0375,nudge
primary_events_retain_all_duplicates,E0376,nudge
primary_events_retain_all_duplicates,E0377,nudge
primary_events_retain_all_duplicates,E0378,nudge
primary_events_retain_all_duplicates,E0379,nudge
primary_events_retain_all_duplicates,E0380,baseline
primary_events_retain_all_duplicates,E0381,baseline
primary_events_retain_all_duplicates,E0382,baseline
primary_events_retain_all_duplicates,E0383,baseline
primary_events_retain_all_duplicates,E0384,baseline
primary_events_retain_all_duplicates,E0385,baseline
primary_events_retain_all_duplicates,E0386,baseline
primary_events_retain_all_duplicates,E0387,baseline
primary_events_retain_all_duplicates,E0388,baseline
primary_events_retain_all_duplicates,E0389,baseline
primary_events_retain_all_duplicates,E0390,baseline
primary_events_retain_all_duplicates,E0391,nudge
primary_events_retain_all_duplicates,E0392,nudge
primary_events_retain_all_duplicates,E0393,nudge
primary_events_retain_all_duplicates,E0394,nudge
primary_events_retain_all_duplicates,E0395,nudge
primary_events_retain_all_duplicates,E0396,nudge
primary_events_retain_all_duplicates,E0397,baseline
primary_events_retain_all_duplicates,E0398,baseline
primary_events_retain_all_duplicates,E0399,baseline
primary_events_retain_all_duplicates,E0400,baseline
primary_events_retain_all_duplicates,E0401,baseline
primary_events_retain_all_duplicates,E0402,baseline
primary_events_retain_all_duplicates,E0403,baseline
primary_events_retain_all_duplicates,E0404,baseline
primary_events_retain_all_duplicates,E0405,baseline
primary_events_retain_all_duplicates,E0406,baseline
primary_events_retain_all_duplicates,E0407,baseline
primary_events_retain_all_duplicates,E0408,baseline
primary_events_retain_all_duplicates,E0409,baseline
primary_events_retain_all_duplicates,E0410,baseline
primary_events_retain_all_duplicates,E0411,baseline
primary_events_retain_all_duplicates,E0412,baseline
primary_events_retain_all_duplicates,E0413,baseline
primary_events_retain_all_duplicates,E0414,baseline
primary_events_retain_all_duplicates,E0415,nudge
primary_events_retain_all_duplicates,E0416,nudge
primary_events_retain_all_duplicates,E0417,nudge
primary_events_retain_all_duplicates,E0418,nudge
primary_events_retain_all_duplicates,E0419,nudge
primary_events_retain_all_duplicates,E0420,nudge
primary_events_retain_all_duplicates,E0421,nudge
primary_events_retain_all_duplicates,E0422,baseline
primary_events_retain_all_duplicates,E0423,baseline
primary_events_retain_all_duplicates,E0424,baseline
primary_events_retain_all_duplicates,E0425,baseline
primary_events_retain_all_duplicates,E0426,baseline
primary_events_retain_all_duplicates,E0427,baseline
primary_events_retain_all_duplicates,E0428,baseline
primary_events_retain_all_duplicates,E0429,baseline
primary_events_retain_all_duplicates,E0430,baseline
primary_events_retain_all_duplicates,E0431,baseline
primary_events_retain_all_duplicates,E0432,baseline
primary_events_retain_all_duplicates,E0433,nudge
primary_events_retain_all_duplicates,E0434,nudge
primary_events_retain_all_duplicates,E0435,nudge
primary_events_retain_all_duplicates,E0436,nudge
primary_events_retain_all_duplicates,E0437,nudge
primary_events_retain_all_duplicates,E0438,nudge
primary_events_retain_all_duplicates,E0462,baseline
primary_events_retain_all_duplicates,E0463,baseline
primary_events_retain_all_duplicates,E0464,baseline
primary_events_retain_all_duplicates,E0465,baseline
primary_events_retain_all_duplicates,E0466,baseline
primary_events_retain_all_duplicates,E0467,baseline
primary_events_retain_all_duplicates,E0468,baseline
primary_events_retain_all_duplicates,E0469,baseline
primary_events_retain_all_duplicates,E0470,baseline
primary_events_retain_all_duplicates,E0471,baseline
primary_events_retain_all_duplicates,E0472,baseline
primary_events_retain_all_duplicates,E0473,baseline
primary_events_retain_all_duplicates,E0474,baseline
primary_events_retain_all_duplicates,E0475,baseline
primary_events_retain_all_duplicates,E0476,baseline
primary_events_retain_all_duplicates,E0477,baseline
primary_events_retain_all_duplicates,E0478,baseline
primary_events_retain_all_duplicates,E0479,baseline
primary_events_retain_all_duplicates,E0480,baseline
primary_events_retain_all_duplicates,E0481,nudge
primary_events_retain_all_duplicates,E0482,nudge
primary_events_retain_all_duplicates,E0483,nudge
primary_events_retain_all_duplicates,E0484,nudge
primary_events_retain_all_duplicates,E0485,nudge
primary_events_retain_all_duplicates,E0486,nudge
primary_events_retain_all_duplicates,E0487,nudge
primary_events_retain_all_duplicates,E0488,nudge
primary_events_retain_all_duplicates,E0489,nudge
primary_events_retain_all_duplicates,E0500,baseline
primary_events_retain_all_duplicates,E0501,baseline
primary_events_retain_all_duplicates,E0502,baseline
primary_events_retain_all_duplicates,E0503,baseline
primary_events_retain_all_duplicates,E0504,baseline
primary_events_retain_all_duplicates,E0505,baseline
primary_events_retain_all_duplicates,E0506,baseline
primary_events_retain_all_duplicates,E0507,baseline
primary_events_retain_all_duplicates,E0508,baseline
primary_events_retain_all_duplicates,E0509,baseline
primary_events_retain_all_duplicates,E0510,baseline
primary_events_retain_all_duplicates,E0511,baseline
primary_events_retain_all_duplicates,E0512,nudge
primary_events_retain_all_duplicates,E0513,nudge
primary_events_retain_all_duplicates,E0514,nudge
primary_events_retain_all_duplicates,E0515,nudge
primary_events_retain_all_duplicates,E0516,nudge
primary_events_retain_all_duplicates,E0517,nudge
primary_events_retain_all_duplicates,E0518,nudge
primary_events_retain_all_duplicates,E0519,nudge
primary_events_retain_all_duplicates,E0545,baseline
primary_events_retain_all_duplicates,E0546,baseline
primary_events_retain_all_duplicates,E0547,baseline
primary_events_retain_all_duplicates,E0548,baseline
primary_events_retain_all_duplicates,E0549,baseline
primary_events_retain_all_duplicates,E0550,baseline
primary_events_retain_all_duplicates,E0551,baseline
primary_events_retain_all_duplicates,E0552,baseline
primary_events_retain_all_duplicates,E0553,baseline
primary_events_retain_all_duplicates,E0554,baseline
primary_events_retain_all_duplicates,E0555,nudge
primary_events_retain_all_duplicates,E0556,nudge
primary_events_retain_all_duplicates,E0557,nudge
primary_events_retain_all_duplicates,E0558,nudge
primary_events_retain_all_duplicates,E0568,baseline
primary_events_retain_all_duplicates,E0569,baseline
primary_events_retain_all_duplicates,E0570,baseline
primary_events_retain_all_duplicates,E0571,baseline
primary_events_retain_all_duplicates,E0572,baseline
primary_events_retain_all_duplicates,E0573,baseline
primary_events_retain_all_duplicates,E0574,baseline
primary_events_retain_all_duplicates,E0575,baseline
primary_events_retain_all_duplicates,E0576,baseline
primary_events_retain_all_duplicates,E0577,baseline
primary_events_retain_all_duplicates,E0578,baseline
primary_events_retain_all_duplicates,E0579,baseline
primary_events_retain_all_duplicates,E0580,nudge
primary_events_retain_all_duplicates,E0581,nudge
primary_events_retain_all_duplicates,E0582,nudge
primary_events_retain_all_duplicates,E0583,nudge
primary_events_retain_all_duplicates,E0584,baseline
primary_events_retain_all_duplicates,E0585,baseline
primary_events_retain_all_duplicates,E0586,baseline
primary_events_retain_all_duplicates,E0587,baseline
primary_events_retain_all_duplicates,E0588,baseline
primary_events_retain_all_duplicates,E0589,nudge
primary_events_retain_all_duplicates,E0590,nudge
primary_events_retain_all_duplicates,E0591,nudge
primary_events_retain_all_duplicates,E0592,nudge
primary_events_retain_all_duplicates,E0593,nudge
primary_events_retain_all_duplicates,E0594,baseline
primary_events_retain_all_duplicates,E0595,baseline
primary_events_retain_all_duplicates,E0596,baseline
primary_events_retain_all_duplicates,E0597,baseline
primary_events_retain_all_duplicates,E0598,baseline
primary_events_retain_all_duplicates,E0599,baseline
primary_events_retain_all_duplicates,E0600,baseline
primary_events_retain_all_duplicates,E0601,baseline
primary_events_retain_all_duplicates,E0602,baseline
primary_events_retain_all_duplicates,E0603,baseline
primary_events_retain_all_duplicates,E0604,baseline
primary_events_retain_all_duplicates,E0605,baseline
primary_events_retain_all_duplicates,E0606,baseline
primary_events_retain_all_duplicates,E0607,baseline
primary_events_retain_all_duplicates,E0608,baseline
primary_events_retain_all_duplicates,E0609,baseline
primary_events_retain_all_duplicates,E0610,baseline
primary_events_retain_all_duplicates,E0611,nudge
primary_events_retain_all_duplicates,E0612,nudge
primary_events_retain_all_duplicates,E0613,nudge
primary_events_retain_all_duplicates,E0614,nudge
primary_events_retain_all_duplicates,E0615,nudge
primary_events_retain_all_duplicates,E0616,nudge
primary_events_retain_all_duplicates,E0617,nudge
primary_events_retain_all_duplicates,E0618,nudge
primary_events_retain_all_duplicates,E0619,nudge
primary_events_retain_all_duplicates,E0620,nudge
primary_events_retain_all_duplicates,E0621,nudge
primary_events_retain_all_duplicates,E0622,nudge
primary_events_retain_all_duplicates,E0623,nudge
primary_events_retain_all_duplicates,E0624,nudge
primary_events_retain_all_duplicates,E0625,nudge
primary_events_retain_all_duplicates,E0647,baseline
primary_events_retain_all_duplicates,E0648,baseline
primary_events_retain_all_duplicates,E0649,baseline
primary_events_retain_all_duplicates,E0650,baseline
primary_events_retain_all_duplicates,E0651,baseline
primary_events_retain_all_duplicates,E0652,baseline
primary_events_retain_all_duplicates,E0653,baseline
primary_events_retain_all_duplicates,E0654,baseline
primary_events_retain_all_duplicates,E0655,nudge
primary_events_retain_all_duplicates,E0656,nudge
primary_events_retain_all_duplicates,E0657,nudge
primary_events_retain_all_duplicates,E0658,nudge
primary_events_retain_all_duplicates,E0672,baseline
primary_events_retain_all_duplicates,E0673,baseline
primary_events_retain_all_duplicates,E0674,baseline
primary_events_retain_all_duplicates,E0675,baseline
primary_events_retain_all_duplicates,E0676,nudge
primary_events_retain_all_duplicates,E0677,nudge
primary_events_retain_all_duplicates,E0678,nudge
primary_events_retain_all_duplicates,E0679,nudge
primary_events_retain_all_duplicates,E0680,nudge
primary_events_retain_all_duplicates,E0681,nudge
primary_events_retain_all_duplicates,E0682,nudge
primary_events_retain_all_duplicates,E0683,nudge
primary_events_retain_all_duplicates,E0684,nudge
primary_events_retain_all_duplicates,E0695,baseline
primary_events_retain_all_duplicates,E0696,baseline
primary_events_retain_all_duplicates,E0697,baseline
primary_events_retain_all_duplicates,E0698,baseline
primary_events_retain_all_duplicates,E0699,baseline
primary_events_retain_all_duplicates,E0700,baseline
primary_events_retain_all_duplicates,E0701,baseline
primary_events_retain_all_duplicates,E0702,baseline
primary_events_retain_all_duplicates,E0703,baseline
primary_events_retain_all_duplicates,E0704,baseline
primary_events_retain_all_duplicates,E0705,baseline
primary_events_retain_all_duplicates,E0706,nudge
primary_events_retain_all_duplicates,E0707,nudge
primary_events_retain_all_duplicates,E0708,nudge
primary_events_retain_all_duplicates,E0709,nudge
primary_events_retain_all_duplicates,E0710,nudge
primary_events_retain_all_duplicates,E0711,nudge
primary_events_retain_all_duplicates,E0712,nudge
primary_events_retain_all_duplicates,E0713,nudge
primary_events_retain_all_duplicates,E0714,nudge
primary_events_retain_all_duplicates,E0715,nudge
primary_events_retain_all_duplicates,E0716,nudge
primary_events_retain_all_duplicates,E0717,nudge
primary_events_retain_all_duplicates,E0718,nudge
primary_events_retain_all_duplicates,E0719,baseline
primary_events_retain_all_duplicates,E0720,baseline
primary_events_retain_all_duplicates,E0721,baseline
primary_events_retain_all_duplicates,E0722,baseline
primary_events_retain_all_duplicates,E0723,baseline
primary_events_retain_all_duplicates,E0724,baseline
primary_events_retain_all_duplicates,E0725,baseline
primary_events_retain_all_duplicates,E0726,baseline
primary_events_retain_all_duplicates,E0727,baseline
primary_events_retain_all_duplicates,E0728,baseline
primary_events_retain_all_duplicates,E0729,baseline
primary_events_retain_all_duplicates,E0730,baseline
primary_events_retain_all_duplicates,E0731,baseline
primary_events_retain_all_duplicates,E0732,nudge
primary_events_retain_all_duplicates,E0733,nudge
primary_events_retain_all_duplicates,E0734,nudge
primary_events_retain_all_duplicates,E0735,nudge
primary_events_retain_all_duplicates,E0736,nudge
primary_events_retain_all_duplicates,E0737,nudge
primary_events_retain_all_duplicates,E0738,nudge
primary_events_retain_all_duplicates,E0739,nudge
primary_events_retain_all_duplicates,E0740,nudge
primary_events_retain_all_duplicates,E0741,nudge
primary_events_retain_all_duplicates,E0752,baseline
primary_events_retain_all_duplicates,E0753,baseline
primary_events_retain_all_duplicates,E0754,baseline
primary_events_retain_all_duplicates,E0755,baseline
primary_events_retain_all_duplicates,E0756,baseline
primary_events_retain_all_duplicates,E0757,baseline
primary_events_retain_all_duplicates,E0758,baseline
primary_events_retain_all_duplicates,E0759,baseline
primary_events_retain_all_duplicates,E0760,baseline
primary_events_retain_all_duplicates,E0761,baseline
primary_events_retain_all_duplicates,E0762,baseline
primary_events_retain_all_duplicates,E0763,baseline
primary_events_retain_all_duplicates,E0764,baseline
primary_events_retain_all_duplicates,E0765,nudge
primary_events_retain_all_duplicates,E0766,nudge
primary_events_retain_all_duplicates,E0767,nudge
primary_events_retain_all_duplicates,E0768,nudge
primary_events_retain_all_duplicates,E0769,nudge
primary_events_retain_all_duplicates,E0770,nudge
primary_events_retain_all_duplicates,E0771,nudge
primary_events_retain_all_duplicates,E0772,nudge
primary_events_retain_all_duplicates,E0773,nudge
primary_events_retain_all_duplicates,E0774,nudge
primary_events_retain_all_duplicates,E0775,nudge
primary_events_retain_all_duplicates,E0776,nudge
primary_events_retain_all_duplicates,E0777,nudge
primary_events_retain_all_duplicates,E0778,nudge
primary_events_retain_all_duplicates,E0808,baseline
primary_events_retain_all_duplicates,E0809,baseline
primary_events_retain_all_duplicates,E0810,baseline
primary_events_retain_all_duplicates,E0811,baseline
primary_events_retain_all_duplicates,E0812,baseline
primary_events_retain_all_duplicates,E0813,baseline
primary_events_retain_all_duplicates,E0814,baseline
primary_events_retain_all_duplicates,E0815,baseline
primary_events_retain_all_duplicates,E0816,baseline
primary_events_retain_all_duplicates,E0817,baseline
primary_events_retain_all_duplicates,E0818,baseline
primary_events_retain_all_duplicates,E0819,baseline
primary_events_retain_all_duplicates,E0820,baseline
primary_events_retain_all_duplicates,E0821,nudge
primary_events_retain_all_duplicates,E0822,nudge
primary_events_retain_all_duplicates,E0823,nudge
primary_events_retain_all_duplicates,E0824,nudge
primary_events_retain_all_duplicates,E0825,nudge
primary_events_retain_all_duplicates,E0826,nudge
primary_events_retain_all_duplicates,E0827,nudge
primary_events_retain_all_duplicates,E0828,nudge
primary_events_retain_all_duplicates,E0829,nudge
primary_events_retain_all_duplicates,E0830,baseline
primary_events_retain_all_duplicates,E0831,baseline
primary_events_retain_all_duplicates,E0832,baseline
primary_events_retain_all_duplicates,E0833,baseline
primary_events_retain_all_duplicates,E0834,baseline
primary_events_retain_all_duplicates,E0835,baseline
primary_events_retain_all_duplicates,E0836,baseline
primary_events_retain_all_duplicates,E0837,baseline
primary_events_retain_all_duplicates,E0838,baseline
primary_events_retain_all_duplicates,E0839,nudge
primary_events_retain_all_duplicates,E0840,nudge
primary_events_retain_all_duplicates,E0841,nudge
primary_events_retain_all_duplicates,E0842,nudge
primary_events_retain_all_duplicates,E0843,nudge
primary_events_retain_all_duplicates,E0844,nudge
primary_events_retain_all_duplicates,E0845,nudge
primary_events_retain_all_duplicates,E0846,baseline
primary_events_retain_all_duplicates,E0847,baseline
primary_events_retain_all_duplicates,E0848,baseline
primary_events_retain_all_duplicates,E0849,baseline
primary_events_retain_all_duplicates,E0850,baseline
primary_events_retain_all_duplicates,E0851,baseline
primary_events_retain_all_duplicates,E0852,baseline
primary_events_retain_all_duplicates,E0853,baseline
primary_events_retain_all_duplicates,E0854,baseline
primary_events_retain_all_duplicates,E0855,baseline
primary_events_retain_all_duplicates,E0856,baseline
primary_events_retain_all_duplicates,E0857,baseline
primary_events_retain_all_duplicates,E0858,baseline
primary_events_retain_all_duplicates,E0859,baseline
primary_events_retain_all_duplicates,E0860,baseline
primary_events_retain_all_duplicates,E0861,nudge
primary_events_retain_all_duplicates,E0862,nudge
primary_events_retain_all_duplicates,E0863,nudge
primary_events_retain_all_duplicates,E0864,baseline
primary_events_retain_all_duplicates,E0865,baseline
primary_events_retain_all_duplicates,E0866,baseline
primary_events_retain_all_duplicates,E0867,baseline
primary_events_retain_all_duplicates,E0868,baseline
primary_events_retain_all_duplicates,E0869,baseline
primary_events_retain_all_duplicates,E0870,baseline
primary_events_retain_all_duplicates,E0871,baseline
primary_events_retain_all_duplicates,E0872,baseline
primary_events_retain_all_duplicates,E0873,baseline
primary_events_retain_all_duplicates,E0874,baseline
primary_events_retain_all_duplicates,E0875,baseline
primary_events_retain_all_duplicates,E0876,baseline
primary_events_retain_all_duplicates,E0877,baseline
primary_events_retain_all_duplicates,E0878,baseline
primary_events_retain_all_duplicates,E0879,baseline
primary_events_retain_all_duplicates,E0880,nudge
primary_events_retain_all_duplicates,E0881,nudge
primary_events_retain_all_duplicates,E0882,nudge
primary_events_retain_all_duplicates,E0883,nudge
primary_events_retain_all_duplicates,E0884,nudge
primary_events_retain_all_duplicates,E0894,baseline
primary_events_retain_all_duplicates,E0895,baseline
primary_events_retain_all_duplicates,E0896,baseline
primary_events_retain_all_duplicates,E0897,baseline
primary_events_retain_all_duplicates,E0898,baseline
primary_events_retain_all_duplicates,E0899,baseline
primary_events_retain_all_duplicates,E0900,baseline
primary_events_retain_all_duplicates,E0901,nudge
primary_events_retain_all_duplicates,E0902,nudge
primary_events_retain_all_duplicates,E0903,nudge
primary_events_retain_all_duplicates,E0904,nudge
primary_events_retain_all_duplicates,E0912,baseline
primary_events_retain_all_duplicates,E0913,baseline
primary_events_retain_all_duplicates,E0914,baseline
primary_events_retain_all_duplicates,E0915,baseline
primary_events_retain_all_duplicates,E0916,baseline
primary_events_retain_all_duplicates,E0917,baseline
primary_events_retain_all_duplicates,E0918,baseline
primary_events_retain_all_duplicates,E0919,baseline
primary_events_retain_all_duplicates,E0920,baseline
primary_events_retain_all_duplicates,E0921,baseline
primary_events_retain_all_duplicates,E0922,baseline
primary_events_retain_all_duplicates,E0923,baseline
primary_events_retain_all_duplicates,E0924,baseline
primary_events_retain_all_duplicates,E0925,baseline
primary_events_retain_all_duplicates,E0926,baseline
primary_events_retain_all_duplicates,E0927,baseline
primary_events_retain_all_duplicates,E0928,baseline
primary_events_retain_all_duplicates,E0929,nudge
primary_events_retain_all_duplicates,E0930,nudge
primary_events_retain_all_duplicates,E0931,nudge
primary_events_retain_all_duplicates,E0932,nudge
primary_events_retain_all_duplicates,E0933,nudge
primary_events_retain_all_duplicates,E0934,nudge
primary_events_retain_all_duplicates,E0935,nudge
primary_events_retain_all_duplicates,E0936,nudge
primary_events_retain_all_duplicates,E0937,nudge
primary_events_retain_all_duplicates,E0938,nudge
primary_events_retain_all_duplicates,E0939,nudge
primary_events_retain_all_duplicates,E0940,nudge
primary_events_retain_all_duplicates,E0941,nudge
primary_events_retain_all_duplicates,E0942,nudge
primary_events_retain_all_duplicates,E0943,nudge
primary_events_retain_all_duplicates,E0944,nudge
primary_events_retain_all_duplicates,E0955,baseline
primary_events_retain_all_duplicates,E0956,baseline
primary_events_retain_all_duplicates,E0957,baseline
primary_events_retain_all_duplicates,E0958,baseline
primary_events_retain_all_duplicates,E0959,baseline
primary_events_retain_all_duplicates,E0960,baseline
primary_events_retain_all_duplicates,E0961,baseline
primary_events_retain_all_duplicates,E0962,baseline
primary_events_retain_all_duplicates,E0963,baseline
primary_events_retain_all_duplicates,E0964,baseline
primary_events_retain_all_duplicates,E0965,nudge
primary_events_retain_all_duplicates,E0966,nudge
primary_events_retain_all_duplicates,E0967,nudge
primary_events_retain_all_duplicates,E0968,nudge
primary_events_retain_all_duplicates,E0969,nudge
primary_events_retain_all_duplicates,E0970,nudge
primary_events_retain_all_duplicates,E0971,nudge
primary_events_retain_all_duplicates,E0972,nudge
primary_events_retain_all_duplicates,E0973,nudge
primary_events_retain_all_duplicates,E0986,baseline
primary_events_retain_all_duplicates,E0987,baseline
primary_events_retain_all_duplicates,E0988,baseline
primary_events_retain_all_duplicates,E0989,baseline
primary_events_retain_all_duplicates,E0990,baseline
primary_events_retain_all_duplicates,E0991,baseline
primary_events_retain_all_duplicates,E0992,baseline
primary_events_retain_all_duplicates,E0993,baseline
primary_events_retain_all_duplicates,E0994,baseline
primary_events_retain_all_duplicates,E0995,baseline
primary_events_retain_all_duplicates,E0996,baseline
primary_events_retain_all_duplicates,E0997,nudge
primary_events_retain_all_duplicates,E0998,nudge
primary_events_retain_all_duplicates,E0999,nudge
primary_events_retain_all_duplicates,E1000,nudge
primary_events_retain_all_duplicates,E1011,baseline
primary_events_retain_all_duplicates,E1012,baseline
primary_events_retain_all_duplicates,E1013,baseline
primary_events_retain_all_duplicates,E1014,baseline
primary_events_retain_all_duplicates,E1015,baseline
primary_events_retain_all_duplicates,E1016,baseline
primary_events_retain_all_duplicates,E1017,baseline
primary_events_retain_all_duplicates,E1018,baseline
primary_events_retain_all_duplicates,E1019,baseline
primary_events_retain_all_duplicates,E1020,baseline
primary_events_retain_all_duplicates,E1021,baseline
primary_events_retain_all_duplicates,E1022,nudge
primary_events_retain_all_duplicates,E1023,nudge
primary_events_retain_all_duplicates,E1024,nudge
primary_events_retain_all_duplicates,E1025,nudge
primary_events_retain_all_duplicates,E1026,nudge
primary_events_retain_all_duplicates,E1027,nudge
primary_events_retain_all_duplicates,E1028,nudge
primary_events_retain_all_duplicates,E1029,nudge
primary_events_retain_all_duplicates,E1030,nudge
primary_events_retain_all_duplicates,E1031,nudge
primary_events_retain_all_duplicates,E1032,nudge
primary_events_retain_all_duplicates,E1033,nudge
primary_events_retain_all_duplicates,E1054,baseline
primary_events_retain_all_duplicates,E1055,baseline
primary_events_retain_all_duplicates,E1056,baseline
primary_events_retain_all_duplicates,E1057,baseline
primary_events_retain_all_duplicates,E1058,baseline
primary_events_retain_all_duplicates,E1059,baseline
primary_events_retain_all_duplicates,E1060,baseline
primary_events_retain_all_duplicates,E1061,baseline
primary_events_retain_all_duplicates,E1062,baseline
primary_events_retain_all_duplicates,E1063,baseline
primary_events_retain_all_duplicates,E1064,baseline
primary_events_retain_all_duplicates,E1065,baseline
primary_events_retain_all_duplicates,E1066,nudge
primary_events_retain_all_duplicates,E1067,nudge
primary_events_retain_all_duplicates,E1068,nudge
primary_events_retain_all_duplicates,E1069,nudge
primary_events_retain_all_duplicates,E1070,nudge
primary_events_retain_all_duplicates,E1071,nudge
primary_events_retain_all_duplicates,E1072,nudge
primary_events_retain_all_duplicates,E1073,baseline
primary_events_retain_all_duplicates,E1074,baseline
primary_events_retain_all_duplicates,E1075,baseline
primary_events_retain_all_duplicates,E1076,baseline
primary_events_retain_all_duplicates,E1077,baseline
primary_events_retain_all_duplicates,E1078,baseline
primary_events_retain_all_duplicates,E1079,baseline
primary_events_retain_all_duplicates,E1080,baseline
primary_events_retain_all_duplicates,E1081,baseline
primary_events_retain_all_duplicates,E1082,baseline
primary_events_retain_all_duplicates,E1083,baseline
primary_events_retain_all_duplicates,E1084,baseline
primary_events_retain_all_duplicates,E1085,baseline
primary_events_retain_all_duplicates,E1086,baseline
primary_events_retain_all_duplicates,E1087,nudge
primary_events_retain_all_duplicates,E1088,nudge
primary_events_retain_all_duplicates,E1089,nudge
primary_events_retain_all_duplicates,E1090,nudge
primary_events_retain_all_duplicates,E1091,nudge
primary_events_retain_all_duplicates,E1092,nudge
primary_events_retain_all_duplicates,E1093,nudge
primary_events_retain_all_duplicates,E1094,nudge
primary_events_retain_all_duplicates,E1095,nudge
primary_events_retain_all_duplicates,E1096,nudge
primary_events_retain_all_duplicates,E1097,nudge
